symbol,timeframe,variant,period,anchor,trigger,atr,scenario,stop_mode,setups,entered,resolved,tp1_pct,tp2_pct,sl_pct,ev_full,ev_be,long_in,long_ev_full,long_ev_be,short_in,short_ev_full,short_ev_be,sweep_in,sweep_ev_full,sweep_ev_be,nosweep_in,nosweep_ev_full,nosweep_ev_be
DOGE/USDT,1h,age0,full,local,bos,0,ote,zero,427,240,238,0.6167,0.3417,0.3750,0.1155,0.2246,100,0.1597,0.2579,140,0.0841,0.2009,157,0.0694,0.1705,83,0.2032,0.3275
DOGE/USDT,1h,age0,full,local,bos,0,ote,tight,427,240,239,0.5583,0.2833,0.4375,0.1968,0.2988,100,0.2807,0.3833,140,0.1364,0.2380,157,0.1357,0.2219,83,0.3116,0.4433
DOGE/USDT,1h,age0,full,local,bos,0,deep,zero,427,139,139,0.3381,0.1942,0.6619,0.2481,0.3087,54,0.0937,0.0391,85,0.3462,0.4800,87,0.1879,0.2736,52,0.3487,0.3675
DOGE/USDT,1h,age0,full,local,bos,0,breaker,zero,261,148,147,0.8041,0.4054,0.1892,0.1414,0.2632,57,0.0827,0.1896,91,0.1776,0.3085,94,0.1100,0.2336,54,0.1972,0.3158
DOGE/USDT,1h,age0,full,local,bos,5,ote,zero,196,72,70,0.5694,0.2917,0.4028,0.0507,0.1281,37,0.1461,0.2082,35,-0.0503,0.0434,42,-0.0812,-0.0325,30,0.2372,0.3553
DOGE/USDT,1h,age0,full,local,bos,5,ote,tight,196,72,71,0.5000,0.2500,0.4861,0.0823,0.1690,37,0.2115,0.2886,35,-0.0583,0.0388,42,-0.0108,0.0864,30,0.2096,0.2818
DOGE/USDT,1h,age0,full,local,bos,5,deep,zero,196,17,17,0.5882,0.3529,0.4118,1.1712,1.3166,9,0.6405,0.6323,8,1.7683,2.0864,7,0.5819,0.0052,10,1.5838,2.2346
DOGE/USDT,1h,age0,full,local,bos,5,breaker,zero,88,25,24,0.6800,0.3600,0.2800,-0.0012,0.1179,14,-0.2408,-0.1885,11,0.2818,0.4800,10,-0.2950,-0.1155,15,0.2086,0.2846
DOGE/USDT,1h,age0,full,local,choch,0,ote,zero,296,216,216,0.6574,0.3750,0.3426,0.1793,0.3058,116,0.2062,0.3490,100,0.1481,0.2556,183,0.1567,0.2959,33,0.3046,0.3603
DOGE/USDT,1h,age0,full,local,choch,0,ote,tight,296,216,216,0.5648,0.3056,0.4352,0.2056,0.3363,116,0.2881,0.4549,100,0.1100,0.1988,183,0.1897,0.3334,33,0.2937,0.3525
DOGE/USDT,1h,age0,full,local,choch,0,deep,zero,296,146,146,0.3699,0.2123,0.6301,0.3652,0.4311,75,0.2304,0.2773,71,0.5076,0.5936,123,0.3804,0.4599,23,0.2839,0.2775
DOGE/USDT,1h,age0,full,local,choch,0,breaker,zero,208,157,157,0.8217,0.4841,0.1783,0.1585,0.3314,77,0.1719,0.3312,80,0.1456,0.3316,133,0.1450,0.3283,24,0.2337,0.3481
DOGE/USDT,1h,age0,full,local,choch,5,ote,zero,26,14,14,0.2143,0.0714,0.7857,-0.6156,-0.6269,9,-0.6014,-0.5748,5,-0.6412,-0.7206,13,-0.5860,-0.5982,1,-1.0000,-1.0000
DOGE/USDT,1h,age0,full,local,choch,5,ote,tight,26,14,14,0.2143,0.0714,0.7857,-0.5426,-0.5587,9,-0.5257,-0.4877,5,-0.5731,-0.6865,13,-0.5074,-0.5248,1,-1.0000,-1.0000
DOGE/USDT,1h,age0,full,local,choch,5,deep,zero,26,7,7,0.0000,0.0000,1.0000,-1.0000,-1.0000,4,-1.0000,-1.0000,3,-1.0000,-1.0000,6,-1.0000,-1.0000,1,-1.0000,-1.0000
DOGE/USDT,1h,age0,full,local,choch,5,breaker,zero,11,7,7,0.4286,0.0000,0.5714,-0.3957,-0.4836,3,-0.0600,-0.1967,4,-0.6475,-0.6988,7,-0.3957,-0.4836,0,,
DOGE/USDT,1h,age0,full,global,bos,0,ote,zero,427,189,187,0.5661,0.2857,0.4233,0.0265,0.0976,86,0.0341,0.1091,103,0.0201,0.0881,121,0.0016,0.0296,68,0.0710,0.2195
DOGE/USDT,1h,age0,full,global,bos,0,ote,tight,427,189,188,0.4497,0.2116,0.5450,-0.0349,0.0227,86,-0.0568,0.0015,103,-0.0164,0.0406,121,-0.0395,-0.0241,68,-0.0269,0.1053
DOGE/USDT,1h,age0,full,global,bos,0,deep,zero,427,38,38,0.5526,0.3158,0.4474,1.0398,1.1345,14,1.1092,1.0987,24,0.9993,1.1553,25,0.7717,0.6568,13,1.5554,2.0532
DOGE/USDT,1h,age0,full,global,bos,0,breaker,zero,224,78,77,0.6923,0.4103,0.2949,-0.0112,0.1381,36,0.0071,0.2031,42,-0.0264,0.0838,45,-0.0600,0.1010,33,0.0575,0.1902
DOGE/USDT,1h,age0,full,global,bos,5,ote,zero,388,163,161,0.5399,0.2822,0.4479,-0.0195,0.0587,79,-0.0111,0.0747,84,-0.0274,0.0437,99,-0.0847,-0.0554,64,0.0820,0.2362
DOGE/USDT,1h,age0,full,global,bos,5,ote,tight,388,163,162,0.4233,0.1963,0.5706,-0.0908,-0.0408,79,-0.1084,-0.0463,84,-0.0742,-0.0356,99,-0.1505,-0.1503,64,0.0006,0.1268
DOGE/USDT,1h,age0,full,global,bos,5,deep,zero,388,28,28,0.5714,0.3929,0.4286,1.1092,1.3831,12,1.1531,1.2531,16,1.0762,1.4807,17,0.5199,0.5904,11,2.0200,2.6083
DOGE/USDT,1h,age0,full,global,bos,5,breaker,zero,195,59,58,0.6610,0.3729,0.3220,-0.0519,0.0777,32,-0.0448,0.1347,27,-0.0600,0.0122,30,-0.1540,-0.0185,29,0.0575,0.1807
DOGE/USDT,1h,age0,full,global,choch,0,ote,zero,296,194,194,0.6134,0.3711,0.3866,0.1004,0.2403,104,0.0004,0.1466,90,0.2159,0.3486,167,0.0742,0.2262,27,0.2624,0.3274
DOGE/USDT,1h,age0,full,global,choch,0,ote,tight,296,194,194,0.5361,0.2938,0.4639,0.1443,0.2740,104,0.0673,0.2095,90,0.2333,0.3484,167,0.1248,0.2502,27,0.2649,0.4209
DOGE/USDT,1h,age0,full,global,choch,0,deep,zero,296,98,98,0.2857,0.1939,0.7143,0.0546,0.1848,45,-0.1798,-0.0069,53,0.2536,0.3475,82,-0.0547,0.1186,16,0.6149,0.5239
DOGE/USDT,1h,age0,full,global,choch,0,breaker,zero,181,119,119,0.8151,0.5042,0.1849,0.1493,0.3377,60,0.1515,0.3366,59,0.1471,0.3388,102,0.1474,0.3400,17,0.1612,0.3241
DOGE/USDT,1h,age0,full,global,choch,5,ote,zero,83,48,48,0.5208,0.3542,0.4792,-0.0657,0.0935,29,-0.3196,-0.1851,19,0.3218,0.5187,38,-0.1031,0.0519,10,0.0763,0.2514
DOGE/USDT,1h,age0,full,global,choch,5,ote,tight,83,48,48,0.4375,0.2917,0.5625,-0.0661,0.1163,29,-0.3376,-0.1572,19,0.3481,0.5338,38,-0.1574,0.0072,10,0.2807,0.5309
DOGE/USDT,1h,age0,full,global,choch,5,deep,zero,83,18,18,0.2778,0.2222,0.7222,0.0253,0.2414,8,-0.0772,0.2500,10,0.1073,0.2346,13,-0.1482,-0.0503,5,0.4764,1.0000
DOGE/USDT,1h,age0,full,global,choch,5,breaker,zero,40,21,21,0.7143,0.4286,0.2857,0.0071,0.1629,11,0.0255,0.2609,10,-0.0130,0.0550,17,-0.0047,0.1409,4,0.0575,0.2562
DOGE/USDT,2h,age0,full,local,bos,0,ote,zero,404,241,240,0.5975,0.3568,0.3983,0.0763,0.2084,121,0.1660,0.3557,120,-0.0134,0.0610,143,0.0914,0.2328,98,0.0541,0.1723
DOGE/USDT,2h,age0,full,local,bos,0,ote,tight,404,241,241,0.5270,0.2863,0.4730,0.1248,0.2486,121,0.1819,0.3681,120,0.0673,0.1281,143,0.1046,0.2137,98,0.1544,0.2996
DOGE/USDT,2h,age0,full,local,bos,0,deep,zero,404,139,139,0.2878,0.1439,0.7122,0.0622,0.0569,63,0.2304,0.2453,76,-0.0772,-0.0993,88,0.2164,0.2556,51,-0.2039,-0.2859
DOGE/USDT,2h,age0,full,local,bos,0,breaker,zero,254,159,159,0.7799,0.4340,0.2201,0.0996,0.2457,69,0.1648,0.3735,90,0.0497,0.1477,103,0.1225,0.2742,56,0.0575,0.1933
DOGE/USDT,2h,age0,full,local,bos,5,ote,zero,178,72,71,0.5556,0.3750,0.4306,0.0106,0.1799,47,0.0139,0.2387,25,0.0046,0.0716,37,0.1151,0.3430,35,-0.1031,0.0023
DOGE/USDT,2h,age0,full,local,bos,5,ote,tight,178,72,72,0.4722,0.2917,0.5278,0.0080,0.1707,47,-0.0009,0.2362,25,0.0246,0.0476,37,0.0384,0.2413,35,-0.0242,0.0961
DOGE/USDT,2h,age0,full,local,bos,5,deep,zero,178,15,15,0.2000,0.2000,0.8000,-0.2618,0.0000,9,-0.1798,0.1111,6,-0.3848,-0.1667,9,0.2304,0.6667,6,-1.0000,-1.0000
DOGE/USDT,2h,age0,full,local,bos,5,breaker,zero,91,38,38,0.7368,0.4737,0.2632,0.0389,0.2218,15,-0.0600,0.2263,23,0.1035,0.2189,20,0.1280,0.3870,18,-0.0600,0.0383
DOGE/USDT,2h,age0,full,local,choch,0,ote,zero,290,208,208,0.6010,0.3606,0.3990,0.0781,0.2120,113,0.0478,0.1268,95,0.1141,0.3134,176,0.1008,0.2622,32,-0.0470,-0.0642
DOGE/USDT,2h,age0,full,local,choch,0,ote,tight,290,208,208,0.5144,0.2933,0.4856,0.0981,0.2392,113,0.0389,0.1156,95,0.1684,0.3863,176,0.1158,0.2890,32,0.0006,-0.0347
DOGE/USDT,2h,age0,full,local,choch,0,deep,zero,290,145,145,0.3241,0.1724,0.6759,0.1964,0.2179,81,0.0937,0.0555,64,0.3265,0.4236,120,0.3226,0.3714,25,-0.4094,-0.5185
DOGE/USDT,2h,age0,full,local,choch,0,breaker,zero,199,146,146,0.8288,0.4315,0.1712,0.1686,0.3029,77,0.1719,0.2671,69,0.1648,0.3428,126,0.1974,0.3534,20,-0.0130,-0.0155
DOGE/USDT,2h,age0,full,local,choch,5,ote,zero,27,15,15,0.6667,0.6667,0.3333,0.1959,0.6200,10,0.0763,0.4580,5,0.4351,0.9440,13,0.1039,0.4954,2,0.7939,1.4300
DOGE/USDT,2h,age0,full,local,choch,5,ote,tight,27,15,15,0.5333,0.4667,0.4667,0.1384,0.5248,10,-0.1462,0.2175,5,0.7076,1.1396,13,-0.0148,0.2912,2,1.1345,2.0436
DOGE/USDT,2h,age0,full,local,choch,5,deep,zero,27,5,5,0.6000,0.6000,0.4000,1.2147,2.0000,4,0.8455,1.5000,1,2.6911,4.0000,5,1.2147,2.0000,0,,
DOGE/USDT,2h,age0,full,local,choch,5,breaker,zero,12,7,7,0.5714,0.2857,0.4286,-0.1943,-0.1100,5,0.1280,0.2460,2,-1.0000,-1.0000,6,-0.0600,0.0383,1,-1.0000,-1.0000
DOGE/USDT,2h,age0,full,global,bos,0,ote,zero,404,209,207,0.5407,0.3110,0.4498,-0.0207,0.0870,113,0.0343,0.1684,96,-0.0844,-0.0072,124,0.0271,0.1664,85,-0.0922,-0.0317
DOGE/USDT,2h,age0,full,global,bos,0,ote,tight,404,209,209,0.4737,0.2488,0.5263,0.0111,0.1097,113,0.0200,0.1409,96,0.0006,0.0730,124,0.0501,0.1758,85,-0.0457,0.0133
DOGE/USDT,2h,age0,full,global,bos,0,deep,zero,404,43,42,0.2558,0.2326,0.7209,-0.0333,0.2463,27,-0.1482,0.0518,16,0.1535,0.5625,30,0.1073,0.5000,13,-0.3848,-0.3879
DOGE/USDT,2h,age0,full,global,bos,0,breaker,zero,212,108,107,0.7222,0.4630,0.2685,0.0279,0.2079,54,0.0706,0.2544,54,-0.0157,0.1605,73,0.0379,0.2493,35,0.0071,0.1226
DOGE/USDT,2h,age0,full,global,bos,5,ote,zero,358,183,181,0.5355,0.2896,0.4536,-0.0287,0.0589,99,0.0172,0.1435,84,-0.0817,-0.0389,100,0.0225,0.1268,83,-0.0920,-0.0251
DOGE/USDT,2h,age0,full,global,bos,5,ote,tight,358,183,183,0.4645,0.2240,0.5355,-0.0085,0.0587,99,-0.0082,0.1010,84,-0.0090,0.0089,100,0.0246,0.0919,83,-0.0485,0.0188
DOGE/USDT,2h,age0,full,global,bos,5,deep,zero,358,35,34,0.2857,0.2571,0.6857,0.0856,0.3925,22,-0.1212,0.0641,13,0.4197,0.9231,23,0.2839,0.7391,12,-0.3289,-0.3322
DOGE/USDT,2h,age0,full,global,bos,5,breaker,zero,174,87,86,0.7126,0.4368,0.2759,0.0165,0.1802,42,0.0407,0.2083,45,-0.0066,0.1534,53,0.0304,0.2195,34,-0.0047,0.1201
DOGE/USDT,2h,age0,full,global,choch,0,ote,zero,290,183,183,0.5355,0.3607,0.4645,-0.0393,0.1207,100,-0.1389,0.0424,83,0.0807,0.2149,154,-0.0565,0.1037,29,0.0516,0.2108
DOGE/USDT,2h,age0,full,global,choch,0,ote,tight,290,183,183,0.4536,0.2787,0.5464,-0.0319,0.1223,100,-0.1035,0.0716,83,0.0544,0.1833,154,-0.0020,0.1546,29,-0.1903,-0.0492
DOGE/USDT,2h,age0,full,global,choch,0,deep,zero,290,87,86,0.2874,0.1954,0.7011,0.0730,0.2066,50,-0.0207,0.1098,37,0.1971,0.3347,75,-0.0523,0.1044,12,0.8455,0.8364
DOGE/USDT,2h,age0,full,global,choch,0,breaker,zero,175,114,114,0.7632,0.3860,0.2368,0.0761,0.1917,61,-0.0061,0.1037,53,0.1706,0.2930,99,0.0967,0.2149,15,-0.0600,0.0383
DOGE/USDT,2h,age0,full,global,choch,5,ote,zero,92,57,57,0.5965,0.4386,0.4035,0.0700,0.2864,34,0.0552,0.3079,23,0.0919,0.2546,39,0.0119,0.2118,18,0.1959,0.4478
DOGE/USDT,2h,age0,full,global,choch,5,ote,tight,92,57,57,0.4737,0.3333,0.5263,0.0111,0.2345,34,0.0673,0.3047,23,-0.0719,0.1308,39,0.0399,0.2557,18,-0.0513,0.1887
DOGE/USDT,2h,age0,full,global,choch,5,deep,zero,92,17,17,0.4118,0.3529,0.5882,0.5199,0.9027,9,0.2304,0.6667,8,0.8455,1.1682,13,0.1357,0.5385,4,1.7683,2.0864
DOGE/USDT,2h,age0,full,global,choch,5,breaker,zero,41,26,26,0.6923,0.3077,0.3077,-0.0238,0.0512,13,0.0846,0.3065,13,-0.1323,-0.2042,18,-0.0600,-0.0792,8,0.0575,0.3444
DOGE/USDT,4h,age0,full,local,bos,0,ote,zero,234,133,133,0.5639,0.3383,0.4361,0.0116,0.1373,69,0.0399,0.2141,64,-0.0190,0.0545,92,0.0139,0.1714,41,0.0063,0.0608
DOGE/USDT,4h,age0,full,local,bos,0,ote,tight,234,133,133,0.5038,0.2782,0.4962,0.0753,0.2002,69,0.1446,0.3111,64,0.0006,0.0807,92,0.0441,0.2159,41,0.1454,0.1651
DOGE/USDT,4h,age0,full,local,bos,0,deep,zero,234,73,73,0.2466,0.1644,0.7534,-0.0899,0.0147,35,-0.1563,0.0670,38,-0.0287,-0.0335,50,-0.0403,0.1407,23,-0.1976,-0.2593
DOGE/USDT,4h,age0,full,local,bos,0,breaker,zero,153,97,97,0.7732,0.4227,0.2268,0.0902,0.2297,44,0.1857,0.3498,53,0.0109,0.1300,70,0.1079,0.2993,27,0.0444,0.0493
DOGE/USDT,4h,age0,full,local,bos,5,ote,zero,120,47,47,0.5532,0.2979,0.4468,-0.0076,0.0805,31,0.1574,0.3345,16,-0.3273,-0.4116,30,0.0763,0.1825,17,-0.1558,-0.0995
DOGE/USDT,4h,age0,full,local,bos,5,ote,tight,120,47,47,0.5319,0.2553,0.4681,0.1354,0.2106,31,0.3083,0.4845,16,-0.1995,-0.3200,30,0.2096,0.2818,17,0.0045,0.0849
DOGE/USDT,4h,age0,full,local,bos,5,deep,zero,120,8,8,0.0000,0.0000,1.0000,-1.0000,-1.0000,3,-1.0000,-1.0000,5,-1.0000,-1.0000,3,-1.0000,-1.0000,5,-1.0000,-1.0000
DOGE/USDT,4h,age0,full,local,bos,5,breaker,zero,63,30,30,0.7667,0.4000,0.2333,0.0810,0.2058,14,0.3093,0.5218,16,-0.1187,-0.0706,21,0.1414,0.3448,9,-0.0600,-0.1183
DOGE/USDT,4h,age0,full,local,choch,0,ote,zero,169,114,114,0.5526,0.3158,0.4474,-0.0086,0.0982,62,-0.0163,0.1493,52,0.0004,0.0373,93,0.0030,0.1032,21,-0.0603,0.0761
DOGE/USDT,4h,age0,full,local,choch,0,ote,tight,169,114,114,0.4912,0.2807,0.5088,0.0485,0.1843,62,-0.0360,0.1602,52,0.1494,0.2130,93,0.0787,0.2207,21,-0.0852,0.0232
DOGE/USDT,4h,age0,full,local,choch,0,deep,zero,169,82,82,0.2073,0.1098,0.7927,-0.2348,-0.2224,46,-0.0371,0.0158,36,-0.4873,-0.5268,66,-0.2170,-0.2611,16,-0.3079,-0.0625
DOGE/USDT,4h,age0,full,local,choch,0,breaker,zero,124,85,85,0.8000,0.4588,0.2000,0.1280,0.2875,43,0.1805,0.3531,42,0.0743,0.2202,68,0.1404,0.3064,17,0.0782,0.2118
DOGE/USDT,4h,age0,full,local,choch,5,ote,zero,21,9,9,0.3333,0.2222,0.6667,-0.4020,-0.3048,7,-0.4875,-0.4533,2,-0.1031,0.2150,9,-0.4020,-0.3048,0,,
DOGE/USDT,4h,age0,full,local,choch,5,ote,tight,21,9,9,0.2222,0.2222,0.7778,-0.5257,-0.3236,7,-0.6951,-0.5652,2,0.0673,0.5218,9,-0.5257,-0.3236,0,,
DOGE/USDT,4h,age0,full,local,choch,5,deep,zero,21,5,5,0.2000,0.0000,0.8000,-0.2618,-0.5309,5,-0.2618,-0.5309,0,,,5,-0.2618,-0.5309,0,,
DOGE/USDT,4h,age0,full,local,choch,5,breaker,zero,16,8,8,0.6250,0.3750,0.3750,-0.1188,0.0175,2,-0.2950,-0.3975,6,-0.0600,0.1558,7,-0.1943,-0.1100,1,0.4100,0.9100
DOGE/USDT,4h,age0,full,global,bos,0,ote,zero,234,108,108,0.5556,0.3426,0.4444,-0.0034,0.1300,66,0.0872,0.3162,42,-0.1458,-0.1626,74,0.0424,0.2166,34,-0.1031,-0.0584
DOGE/USDT,4h,age0,full,global,bos,0,ote,tight,234,108,108,0.5000,0.2778,0.5000,0.0673,0.1937,66,0.1966,0.4379,42,-0.1360,-0.1899,74,0.1250,0.2849,34,-0.0583,-0.0046
DOGE/USDT,4h,age0,full,global,bos,0,deep,zero,234,17,17,0.1765,0.1765,0.8235,-0.3486,-0.1176,10,-0.6309,-0.5000,7,0.0546,0.4286,13,-0.4321,-0.2308,4,-0.0772,0.2500
DOGE/USDT,4h,age0,full,global,bos,0,breaker,zero,116,54,54,0.7593,0.3889,0.2407,0.0706,0.1891,30,0.0340,0.2127,24,0.1162,0.1596,38,0.0761,0.2536,16,0.0575,0.0359
DOGE/USDT,4h,age0,full,global,bos,5,ote,zero,218,97,97,0.5361,0.3299,0.4639,-0.0383,0.0897,58,0.0516,0.2820,39,-0.1720,-0.1963,67,-0.0093,0.1569,30,-0.1031,-0.0605
DOGE/USDT,4h,age0,full,global,bos,5,ote,tight,218,97,97,0.4845,0.2680,0.5155,0.0343,0.1551,58,0.1777,0.4247,39,-0.1790,-0.2458,67,0.0832,0.2360,30,-0.0750,-0.0256
DOGE/USDT,4h,age0,full,global,bos,5,deep,zero,218,12,12,0.1667,0.1667,0.8333,-0.3848,-0.1667,6,-1.0000,-1.0000,6,0.2304,0.6667,10,-0.2618,-0.0000,2,-1.0000,-1.0000
DOGE/USDT,4h,age0,full,global,bos,5,breaker,zero,105,46,46,0.7391,0.3696,0.2609,0.0422,0.1512,26,0.0304,0.2060,20,0.0575,0.0800,32,0.0134,0.1745,14,0.1079,0.0979
DOGE/USDT,4h,age0,full,global,choch,0,ote,zero,169,100,99,0.5300,0.3100,0.4600,-0.0396,0.0713,56,-0.0215,0.1189,44,-0.0623,0.0120,85,-0.0176,0.0848,15,-0.1628,-0.0037
DOGE/USDT,4h,age0,full,global,choch,0,ote,tight,169,100,99,0.4300,0.2200,0.5600,-0.0729,0.0088,56,-0.0686,0.0597,44,-0.0783,-0.0548,85,-0.0598,0.0243,15,-0.1462,-0.0778
DOGE/USDT,4h,age0,full,global,choch,0,deep,zero,169,56,55,0.2500,0.1786,0.7321,-0.0604,0.0797,33,-0.1926,0.0108,23,0.1234,0.1755,48,-0.1361,-0.0557,8,0.3842,0.8750
DOGE/USDT,4h,age0,full,global,choch,0,breaker,zero,115,74,73,0.7432,0.4595,0.2432,0.0623,0.2362,42,0.1005,0.3016,32,0.0134,0.1525,62,0.0402,0.2010,12,0.1750,0.4154
DOGE/USDT,4h,age0,full,global,choch,5,ote,zero,70,36,36,0.5556,0.3611,0.4444,-0.0034,0.1491,18,-0.0034,0.1778,18,-0.0034,0.1204,27,-0.0698,0.0687,9,0.1959,0.3904
DOGE/USDT,4h,age0,full,global,choch,5,ote,tight,70,36,36,0.3889,0.2222,0.6111,-0.1699,-0.0624,18,-0.1699,0.0196,18,-0.1699,-0.1444,27,-0.2885,-0.1495,9,0.1859,0.1988
DOGE/USDT,4h,age0,full,global,choch,5,deep,zero,70,15,15,0.3333,0.2667,0.6667,0.2304,0.4897,6,-0.3848,-0.1667,9,0.6405,0.9273,11,0.0067,0.1223,4,0.8455,1.5000
DOGE/USDT,4h,age0,full,global,choch,5,breaker,zero,44,23,23,0.6957,0.3478,0.3043,-0.0191,0.0835,10,-0.0130,0.1255,13,-0.0238,0.0512,17,-0.0876,-0.0129,6,0.1750,0.3567
ZEC/USDT,1h,age0,full,local,bos,0,ote,zero,416,226,225,0.5929,0.3894,0.4027,0.0684,0.2360,111,0.0600,0.2293,115,0.0763,0.2424,129,0.0708,0.2343,97,0.0651,0.2384
ZEC/USDT,1h,age0,full,local,bos,0,ote,tight,416,226,225,0.5265,0.3230,0.4690,0.1289,0.3079,111,0.0867,0.2274,115,0.1694,0.3849,129,0.1583,0.3426,97,0.0895,0.2613
ZEC/USDT,1h,age0,full,local,bos,0,deep,zero,416,122,122,0.2951,0.1557,0.7049,0.0892,0.1055,61,-0.0924,-0.1186,61,0.2707,0.3297,64,-0.0772,-0.0403,58,0.2728,0.2665
ZEC/USDT,1h,age0,full,local,bos,0,breaker,zero,241,137,137,0.8175,0.5109,0.1825,0.1527,0.3453,76,0.1317,0.3011,61,0.1789,0.4004,79,0.1601,0.3306,58,0.1426,0.3654
ZEC/USDT,1h,age0,full,local,bos,5,ote,zero,183,61,60,0.4918,0.3607,0.4918,-0.1031,0.0773,30,-0.0103,0.2338,31,-0.1899,-0.0692,31,-0.1899,-0.0692,30,-0.0103,0.2338
ZEC/USDT,1h,age0,full,local,bos,5,ote,tight,183,61,60,0.4098,0.2951,0.5738,-0.1106,0.0959,30,-0.0431,0.1608,31,-0.1737,0.0353,31,-0.1737,-0.0599,30,-0.0431,0.2626
ZEC/USDT,1h,age0,full,local,bos,5,deep,zero,183,12,12,0.2500,0.0833,0.7500,-0.0772,-0.1924,6,-1.0000,-1.0000,6,0.8455,0.6152,3,-1.0000,-1.0000,9,0.2304,0.0768
ZEC/USDT,1h,age0,full,local,bos,5,breaker,zero,79,23,23,0.7391,0.5217,0.2609,0.0422,0.2585,14,0.1079,0.4000,9,-0.0600,0.0383,12,0.0575,0.2562,11,0.0255,0.2609
ZEC/USDT,1h,age0,full,local,choch,0,ote,zero,311,223,223,0.6188,0.3408,0.3812,0.1101,0.2166,114,0.1172,0.2325,109,0.1027,0.1999,181,0.1199,0.2317,42,0.0678,0.1513
ZEC/USDT,1h,age0,full,local,choch,0,ote,tight,311,223,223,0.5561,0.2735,0.4439,0.1869,0.2753,114,0.1796,0.3064,109,0.1946,0.2428,181,0.1793,0.2737,42,0.2197,0.2823
ZEC/USDT,1h,age0,full,local,choch,0,deep,zero,311,146,146,0.2397,0.1164,0.7603,-0.1151,-0.1286,76,-0.1258,-0.1301,70,-0.1036,-0.1270,118,-0.0303,-0.0689,28,-0.4727,-0.3805
ZEC/USDT,1h,age0,full,local,choch,0,breaker,zero,199,148,148,0.8378,0.4527,0.1622,0.1814,0.3287,66,0.2391,0.4008,82,0.1349,0.2708,122,0.1904,0.3525,26,0.1388,0.2173
ZEC/USDT,1h,age0,full,local,choch,5,ote,zero,44,29,29,0.5517,0.2759,0.4483,-0.0103,0.0557,13,0.1039,0.1775,16,-0.1031,-0.0433,19,0.2274,0.3364,10,-0.4618,-0.4776
ZEC/USDT,1h,age0,full,local,choch,5,ote,tight,44,29,29,0.4828,0.2069,0.5172,0.0305,0.0621,13,0.3136,0.4187,16,-0.1995,-0.2277,19,0.2358,0.2959,10,-0.3596,-0.3822
ZEC/USDT,1h,age0,full,local,choch,5,deep,zero,44,9,9,0.2222,0.0000,0.7778,-0.1798,-0.4788,4,0.8455,0.1728,5,-1.0000,-1.0000,4,0.8455,0.1728,5,-1.0000,-1.0000
ZEC/USDT,1h,age0,full,local,choch,5,breaker,zero,18,12,12,0.6667,0.4167,0.3333,-0.0600,0.0971,6,0.1750,0.3567,6,-0.2950,-0.1625,7,0.2086,0.5364,5,-0.4360,-0.5180
ZEC/USDT,1h,age0,full,global,bos,0,ote,zero,416,165,165,0.5697,0.3758,0.4303,0.0220,0.1840,89,0.1086,0.3044,76,-0.0794,0.0431,98,0.0434,0.2025,67,-0.0093,0.1569
ZEC/USDT,1h,age0,full,global,bos,0,ote,tight,416,165,165,0.5273,0.3333,0.4727,0.1255,0.3185,89,0.2232,0.4621,76,0.0111,0.1503,98,0.1762,0.3909,67,0.0513,0.2126
ZEC/USDT,1h,age0,full,global,bos,0,deep,zero,416,39,39,0.2051,0.1282,0.7949,-0.2429,-0.1785,23,-0.3581,-0.3613,16,-0.0772,0.0841,21,0.0546,0.1758,18,-0.5899,-0.5919
ZEC/USDT,1h,age0,full,global,bos,0,breaker,zero,207,77,77,0.8182,0.4805,0.1818,0.1536,0.3247,44,0.1857,0.4299,33,0.1109,0.1844,48,0.1162,0.3065,29,0.2155,0.3548
ZEC/USDT,1h,age0,full,global,bos,5,ote,zero,372,141,141,0.5816,0.3759,0.4184,0.0433,0.2007,80,0.1436,0.3425,61,-0.0883,0.0148,76,0.0622,0.2077,65,0.0211,0.1925
ZEC/USDT,1h,age0,full,global,bos,5,ote,tight,372,141,141,0.5390,0.3404,0.4610,0.1505,0.3474,80,0.2540,0.4929,61,0.0148,0.1565,76,0.2077,0.4307,65,0.0837,0.2500
ZEC/USDT,1h,age0,full,global,bos,5,deep,zero,372,29,29,0.1724,0.1034,0.8276,-0.3636,-0.3210,18,-0.3848,-0.3141,11,-0.3289,-0.3322,13,-0.1482,-0.0503,16,-0.5386,-0.5409
ZEC/USDT,1h,age0,full,global,bos,5,breaker,zero,179,60,60,0.8333,0.4833,0.1667,0.1750,0.3449,38,0.1503,0.4097,22,0.2177,0.2330,35,0.1280,0.3064,25,0.2408,0.3988
ZEC/USDT,1h,age0,full,global,choch,0,ote,zero,311,208,208,0.5721,0.3413,0.4279,0.0263,0.1519,108,0.0963,0.2554,100,-0.0492,0.0400,170,0.0447,0.1964,38,-0.0558,-0.0473
ZEC/USDT,1h,age0,full,global,choch,0,ote,tight,311,208,208,0.4904,0.2404,0.5096,0.0467,0.1235,108,0.0870,0.1946,100,0.0032,0.0467,170,0.0798,0.1750,38,-0.1012,-0.1070
ZEC/USDT,1h,age0,full,global,choch,0,deep,zero,311,117,117,0.2821,0.2137,0.7179,0.0411,0.2288,61,0.1497,0.3398,56,-0.0772,0.1078,97,0.0274,0.2276,20,0.1073,0.2346
ZEC/USDT,1h,age0,full,global,choch,0,breaker,zero,185,120,120,0.7750,0.4250,0.2250,0.0927,0.2335,59,0.1949,0.3797,61,-0.0061,0.0921,99,0.1109,0.2770,21,0.0071,0.0286
ZEC/USDT,1h,age0,full,global,choch,5,ote,zero,87,57,57,0.5263,0.2632,0.4737,-0.0558,0.0071,30,0.0165,0.1015,27,-0.1363,-0.0978,37,0.1151,0.2313,20,-0.3721,-0.4078
ZEC/USDT,1h,age0,full,global,choch,5,ote,tight,87,57,57,0.4211,0.1579,0.5789,-0.1012,-0.1070,30,0.0673,0.1281,27,-0.2885,-0.3682,37,0.0961,0.1240,20,-0.4664,-0.5344
ZEC/USDT,1h,age0,full,global,choch,5,deep,zero,87,20,20,0.3500,0.1500,0.6500,0.2919,0.2191,10,0.4764,-0.0618,10,0.1073,0.5000,12,0.5380,0.4197,8,-0.0772,-0.0818
ZEC/USDT,1h,age0,full,global,choch,5,breaker,zero,46,24,24,0.6667,0.4167,0.3333,-0.0600,0.0971,12,-0.1775,-0.0033,12,0.0575,0.1975,12,0.0575,0.3150,12,-0.1775,-0.1208
ZEC/USDT,2h,age0,full,local,bos,0,ote,zero,409,239,237,0.6025,0.2929,0.3891,0.0900,0.1539,119,0.0794,0.1470,120,0.1005,0.1608,150,-0.0368,0.0274,89,0.3046,0.3681
ZEC/USDT,2h,age0,full,local,bos,0,ote,tight,409,239,237,0.5272,0.2259,0.4644,0.1348,0.1696,119,0.0854,0.1222,120,0.1839,0.2166,150,-0.0115,0.0230,89,0.3826,0.4178
ZEC/USDT,2h,age0,full,local,bos,0,deep,zero,409,142,141,0.2606,0.1056,0.7324,-0.0314,-0.1021,71,0.0019,-0.0600,71,-0.0642,-0.1436,89,0.0783,-0.0165,53,-0.2192,-0.2486
ZEC/USDT,2h,age0,full,local,bos,0,breaker,zero,238,144,144,0.7778,0.4375,0.2222,0.0967,0.2457,71,0.1320,0.2653,73,0.0623,0.2266,94,0.0050,0.1739,50,0.2690,0.3806
ZEC/USDT,2h,age0,full,local,bos,5,ote,zero,195,79,78,0.5696,0.3038,0.4177,0.0349,0.1238,43,0.2516,0.3110,36,-0.2312,-0.1061,54,-0.1200,-0.0613,25,0.3634,0.5162
ZEC/USDT,2h,age0,full,local,bos,5,ote,tight,195,79,78,0.4810,0.2405,0.5063,0.0399,0.1232,43,0.2410,0.2545,36,-0.2072,-0.0382,54,-0.1140,-0.0430,25,0.3661,0.4755
ZEC/USDT,2h,age0,full,local,bos,5,deep,zero,195,22,22,0.3636,0.0909,0.6364,0.3422,0.0942,10,0.8455,0.4382,12,-0.0772,-0.1924,16,0.3842,0.0455,6,0.2304,0.2243
ZEC/USDT,2h,age0,full,local,bos,5,breaker,zero,82,30,30,0.8000,0.6333,0.2000,0.1280,0.4105,18,0.1750,0.3958,12,0.0575,0.4325,24,0.0575,0.3444,6,0.4100,0.6750
ZEC/USDT,2h,age0,full,local,choch,0,ote,zero,310,225,225,0.6133,0.3333,0.3867,0.1003,0.2012,116,0.0825,0.1992,109,0.1191,0.2032,192,0.1305,0.2355,33,-0.0759,0.0014
ZEC/USDT,2h,age0,full,local,choch,0,ote,tight,310,225,225,0.5378,0.2533,0.4622,0.1479,0.2169,116,0.2145,0.3245,109,0.0771,0.1024,192,0.1673,0.2339,33,0.0349,0.1178
ZEC/USDT,2h,age0,full,local,choch,0,deep,zero,310,159,159,0.2704,0.1698,0.7296,-0.0018,0.0851,83,-0.1995,-0.0756,76,0.2142,0.2605,133,-0.0009,0.0939,26,-0.0062,0.0399
ZEC/USDT,2h,age0,full,local,choch,0,breaker,zero,222,162,162,0.8333,0.4568,0.1667,0.1750,0.3262,80,0.1985,0.3856,82,0.1521,0.2683,144,0.1750,0.3273,18,0.1750,0.3175
ZEC/USDT,2h,age0,full,local,choch,5,ote,zero,33,19,19,0.4211,0.2105,0.5789,-0.2447,-0.1943,10,0.0763,0.1481,9,-0.6014,-0.5748,14,0.0251,0.0934,5,-1.0000,-1.0000
ZEC/USDT,2h,age0,full,local,choch,5,ote,tight,33,19,19,0.3684,0.1579,0.6316,-0.2136,-0.1895,10,0.0673,0.0789,9,-0.5257,-0.4877,14,0.0673,0.1000,5,-1.0000,-1.0000
ZEC/USDT,2h,age0,full,local,choch,5,deep,zero,33,5,5,0.0000,0.0000,1.0000,-1.0000,-1.0000,2,-1.0000,-1.0000,3,-1.0000,-1.0000,2,-1.0000,-1.0000,3,-1.0000,-1.0000
ZEC/USDT,2h,age0,full,local,choch,5,breaker,zero,18,10,10,0.7000,0.4000,0.3000,-0.0130,0.1255,4,0.4100,0.7337,6,-0.2950,-0.2800,9,0.0967,0.2506,1,-1.0000,-1.0000
ZEC/USDT,2h,age0,full,global,bos,0,ote,zero,409,202,201,0.6238,0.3515,0.3713,0.1245,0.2406,109,0.2179,0.3180,93,0.0139,0.1489,127,0.0963,0.2226,75,0.1720,0.2708
ZEC/USDT,2h,age0,full,global,bos,0,ote,tight,409,202,201,0.5545,0.2822,0.4406,0.1894,0.2920,109,0.3121,0.3833,93,0.0441,0.1838,127,0.1520,0.2794,75,0.2523,0.3132
ZEC/USDT,2h,age0,full,global,bos,0,deep,zero,409,45,45,0.2444,0.1111,0.7556,-0.0977,-0.1317,25,0.0335,-0.0247,20,-0.2618,-0.2654,35,-0.0509,-0.0935,10,-0.2618,-0.2654
ZEC/USDT,2h,age0,full,global,bos,0,breaker,zero,191,83,83,0.8072,0.5663,0.1928,0.1382,0.3719,46,0.1341,0.3677,37,0.1432,0.3772,56,0.1330,0.3837,27,0.1489,0.3474
ZEC/USDT,2h,age0,full,global,bos,5,ote,zero,374,184,183,0.6196,0.3424,0.3750,0.1175,0.2259,102,0.2135,0.3197,82,-0.0034,0.1077,112,0.0828,0.1969,72,0.1710,0.2706
ZEC/USDT,2h,age0,full,global,bos,5,ote,tight,374,184,183,0.5543,0.2717,0.4402,0.1897,0.2769,102,0.3184,0.3878,82,0.0277,0.1374,112,0.1538,0.2595,72,0.2452,0.3038
ZEC/USDT,2h,age0,full,global,bos,5,deep,zero,374,39,39,0.2821,0.1282,0.7179,0.0411,0.0019,23,0.1234,0.0601,16,-0.0772,-0.0818,30,0.1073,0.0576,9,-0.1798,-0.1838
ZEC/USDT,2h,age0,full,global,bos,5,breaker,zero,165,71,71,0.7887,0.6056,0.2113,0.1121,0.3774,40,0.0927,0.3569,31,0.1371,0.4039,45,0.0967,0.3916,26,0.1388,0.3529
ZEC/USDT,2h,age0,full,global,choch,0,ote,zero,310,207,207,0.5266,0.3092,0.4734,-0.0554,0.0550,108,-0.0200,0.0884,99,-0.0940,0.0186,178,-0.0426,0.0764,29,-0.1340,-0.0762
ZEC/USDT,2h,age0,full,global,choch,0,ote,tight,310,207,207,0.4638,0.2560,0.5362,-0.0101,0.1049,108,0.0277,0.1510,99,-0.0513,0.0545,178,0.0193,0.1382,29,-0.1903,-0.1001
ZEC/USDT,2h,age0,full,global,choch,0,deep,zero,310,109,109,0.2294,0.1376,0.7706,-0.1534,-0.0967,59,-0.1867,-0.1233,50,-0.1141,-0.0654,93,-0.2062,-0.1245,16,0.1535,0.0648
ZEC/USDT,2h,age0,full,global,choch,0,breaker,zero,201,134,134,0.7836,0.3955,0.2164,0.1049,0.2231,66,0.1750,0.3246,68,0.0368,0.1245,120,0.1045,0.2259,14,0.1079,0.1986
ZEC/USDT,2h,age0,full,global,choch,5,ote,zero,75,41,41,0.5610,0.2927,0.4390,0.0063,0.0860,26,0.1039,0.2173,15,-0.1628,-0.1415,29,0.1135,0.1877,12,-0.2525,-0.1597
ZEC/USDT,2h,age0,full,global,choch,5,ote,tight,75,41,41,0.4634,0.2439,0.5366,-0.0108,0.0864,26,0.0673,0.1811,15,-0.1462,-0.0778,29,0.1041,0.1670,12,-0.2885,-0.1085
ZEC/USDT,2h,age0,full,global,choch,5,deep,zero,75,9,9,0.2222,0.0000,0.7778,-0.1798,-0.4788,5,-0.2618,-0.5309,4,-0.0772,-0.4136,4,-0.0772,-0.4136,5,-0.2618,-0.5309
ZEC/USDT,2h,age0,full,global,choch,5,breaker,zero,45,23,23,0.7826,0.3043,0.2174,0.1035,0.1576,13,0.1931,0.3450,10,-0.0130,-0.0860,18,0.1750,0.2392,5,-0.1540,-0.1360
ZEC/USDT,4h,age0,full,local,bos,0,ote,zero,308,189,187,0.6402,0.3545,0.3492,0.1608,0.2740,116,0.1699,0.2973,73,0.1461,0.2369,116,0.1645,0.2783,73,0.1550,0.2673
ZEC/USDT,4h,age0,full,local,bos,0,ote,tight,308,189,187,0.5820,0.2963,0.4074,0.2556,0.3640,116,0.2250,0.3616,73,0.3044,0.3679,116,0.2545,0.3485,73,0.2573,0.3883
ZEC/USDT,4h,age0,full,local,bos,0,deep,zero,308,100,100,0.2800,0.1200,0.7200,0.0335,-0.0247,60,0.1073,0.0576,40,-0.0772,-0.1482,60,0.1688,0.0967,40,-0.1695,-0.2068
ZEC/USDT,4h,age0,full,local,bos,0,breaker,zero,171,120,120,0.8500,0.4500,0.1500,0.1985,0.3415,71,0.1915,0.3559,49,0.2086,0.3206,73,0.1782,0.3063,47,0.2300,0.3962
ZEC/USDT,4h,age0,full,local,bos,5,ote,zero,137,53,51,0.6038,0.4151,0.3585,0.1256,0.3222,35,0.2663,0.5330,18,-0.1558,-0.0995,30,0.0891,0.2540,23,0.1699,0.4051
ZEC/USDT,4h,age0,full,local,bos,5,ote,tight,137,53,51,0.5849,0.3774,0.3774,0.2975,0.5316,35,0.4440,0.7550,18,0.0045,0.0849,30,0.2960,0.4788,23,0.2993,0.5959
ZEC/USDT,4h,age0,full,local,bos,5,deep,zero,137,6,6,0.3333,0.1667,0.6667,0.2304,0.2243,3,0.2304,0.6667,3,0.2304,-0.2182,3,0.2304,0.6667,3,0.2304,-0.2182
ZEC/USDT,4h,age0,full,local,bos,5,breaker,zero,52,22,22,0.8182,0.6364,0.1818,0.1536,0.4345,14,0.2086,0.5868,8,0.0575,0.1681,9,0.0967,0.2506,13,0.1931,0.5619
ZEC/USDT,4h,age0,full,local,choch,0,ote,zero,223,143,143,0.5524,0.3357,0.4476,-0.0090,0.1185,73,-0.0170,0.1192,70,-0.0005,0.1177,112,-0.0390,0.0712,31,0.0995,0.2894
ZEC/USDT,4h,age0,full,local,choch,0,ote,tight,223,143,143,0.4895,0.2448,0.5105,0.0449,0.1285,73,-0.0351,0.0523,70,0.1283,0.2081,112,0.0101,0.0580,31,0.1706,0.3833
ZEC/USDT,4h,age0,full,local,choch,0,deep,zero,223,113,113,0.2389,0.1593,0.7611,-0.1181,-0.0167,59,0.0635,0.1257,54,-0.3165,-0.1724,92,-0.0772,0.0480,21,-0.2969,-0.3004
ZEC/USDT,4h,age0,full,local,choch,0,breaker,zero,158,105,105,0.8286,0.4762,0.1714,0.1683,0.3341,56,0.1582,0.3297,49,0.1798,0.3392,79,0.1423,0.3153,26,0.2473,0.3913
ZEC/USDT,4h,age0,full,local,choch,5,ote,zero,26,14,14,0.5000,0.3571,0.5000,-0.1031,0.0674,7,0.0251,0.3886,7,-0.2312,-0.2537,9,-0.2027,-0.0348,5,0.0763,0.2514
ZEC/USDT,4h,age0,full,local,choch,5,ote,tight,26,14,14,0.3571,0.2143,0.6429,-0.2377,-0.1239,7,-0.3901,-0.1304,7,-0.0852,-0.1174,9,-0.2885,-0.1495,5,-0.1462,-0.0778
ZEC/USDT,4h,age0,full,local,choch,5,deep,zero,26,10,10,0.3000,0.3000,0.7000,0.1073,0.5000,6,0.8455,1.5000,4,-1.0000,-1.0000,8,-0.0772,0.2500,2,0.8455,1.5000
ZEC/USDT,4h,age0,full,local,choch,5,breaker,zero,14,6,6,0.6667,0.3333,0.3333,-0.0600,0.0383,3,-0.0600,0.0383,3,-0.0600,0.0383,3,-0.5300,-0.3633,3,0.4100,0.4400
ZEC/USDT,4h,age0,full,global,bos,0,ote,zero,308,158,154,0.6139,0.4114,0.3608,0.1299,0.3159,99,0.2447,0.4753,59,-0.0710,0.0370,92,0.1691,0.3747,66,0.0763,0.2355
ZEC/USDT,4h,age0,full,global,bos,0,ote,tight,308,158,156,0.5633,0.3734,0.4241,0.2178,0.4525,99,0.3504,0.6393,59,-0.0063,0.1369,92,0.2570,0.5299,66,0.1643,0.3470
ZEC/USDT,4h,age0,full,global,bos,0,deep,zero,308,20,20,0.2500,0.0500,0.7500,-0.0772,-0.2809,13,0.1357,-0.0741,7,-0.4727,-0.6649,14,0.0546,-0.1402,6,-0.3848,-0.6091
ZEC/USDT,4h,age0,full,global,bos,0,breaker,zero,140,71,71,0.8310,0.5352,0.1690,0.1717,0.3787,45,0.1280,0.4027,26,0.2473,0.3371,44,0.1536,0.3384,27,0.2011,0.4443
ZEC/USDT,4h,age0,full,global,bos,5,ote,zero,281,141,137,0.6312,0.4184,0.3404,0.1654,0.3524,90,0.2698,0.5112,51,-0.0283,0.0580,78,0.2198,0.4183,63,0.0995,0.2728
ZEC/USDT,4h,age0,full,global,bos,5,ote,tight,281,141,139,0.5816,0.3759,0.4043,0.2592,0.4875,90,0.3911,0.6849,51,0.0246,0.1361,78,0.2920,0.5508,63,0.2197,0.4111
ZEC/USDT,4h,age0,full,global,bos,5,deep,zero,281,15,15,0.2667,0.0667,0.7333,-0.0157,-0.1976,11,0.0067,-0.1190,4,-0.0772,-0.4136,10,0.1073,-0.0309,5,-0.2618,-0.5309
ZEC/USDT,4h,age0,full,global,bos,5,breaker,zero,124,61,61,0.8525,0.5574,0.1475,0.2020,0.4202,40,0.1632,0.4524,21,0.2757,0.3588,36,0.1750,0.3567,25,0.2408,0.5116
ZEC/USDT,4h,age0,full,global,choch,0,ote,zero,223,130,130,0.5000,0.2846,0.5000,-0.1031,-0.0075,65,-0.0617,0.0645,65,-0.1445,-0.0795,104,-0.1203,-0.0170,26,-0.0341,0.0303
ZEC/USDT,4h,age0,full,global,choch,0,ote,tight,223,130,130,0.4615,0.2462,0.5385,-0.0148,0.0868,65,0.0180,0.1563,65,-0.0477,0.0172,104,-0.0148,0.1066,26,-0.0148,0.0073
ZEC/USDT,4h,age0,full,global,choch,0,deep,zero,223,76,76,0.1711,0.1053,0.8289,-0.3686,-0.3194,35,-0.5782,-0.4286,41,-0.1898,-0.2262,61,-0.4554,-0.4364,15,-0.0157,0.1564
ZEC/USDT,4h,age0,full,global,choch,0,breaker,zero,149,91,91,0.7692,0.4505,0.2308,0.0846,0.2446,43,0.1149,0.3135,48,0.0575,0.1828,69,0.0422,0.1972,22,0.2177,0.3932
ZEC/USDT,4h,age0,full,global,choch,5,ote,zero,62,38,38,0.5263,0.3421,0.4737,-0.0558,0.0887,23,0.0919,0.2995,15,-0.2824,-0.2346,24,-0.1031,0.0859,14,0.0251,0.0934
ZEC/USDT,4h,age0,full,global,choch,5,ote,tight,62,38,38,0.4211,0.2368,0.5789,-0.1012,0.0096,23,0.0209,0.1989,15,-0.2885,-0.2807,24,-0.1995,-0.0432,14,0.0673,0.1000
ZEC/USDT,4h,age0,full,global,choch,5,deep,zero,62,17,17,0.2941,0.2941,0.7059,0.0856,0.4706,9,0.6405,1.2222,8,-0.5386,-0.3750,11,0.3422,0.8182,6,-0.3848,-0.1667
ZEC/USDT,4h,age0,full,global,choch,5,breaker,zero,34,16,16,0.7500,0.5000,0.2500,0.0575,0.2562,11,0.0255,0.2609,5,0.1280,0.2460,10,-0.0130,0.1960,6,0.1750,0.3567
XRP/USDT,1h,age0,full,local,bos,0,ote,zero,396,229,228,0.6026,0.3406,0.3930,0.0858,0.1989,111,0.0600,0.1636,118,0.1098,0.2319,136,0.0816,0.2145,93,0.0919,0.1760
XRP/USDT,1h,age0,full,local,bos,0,ote,tight,396,229,228,0.5328,0.2664,0.4629,0.1422,0.2336,111,0.1061,0.2014,118,0.1758,0.2637,136,0.1301,0.2531,93,0.1601,0.2048
XRP/USDT,1h,age0,full,local,bos,0,deep,zero,396,138,138,0.3406,0.1884,0.6594,0.2571,0.2990,67,-0.0084,0.0263,71,0.5076,0.5562,78,0.2304,0.2923,60,0.2919,0.3076
XRP/USDT,1h,age0,full,local,bos,0,breaker,zero,261,166,166,0.7831,0.3855,0.2169,0.1042,0.2155,82,0.0661,0.1690,84,0.1414,0.2608,100,0.0857,0.2028,66,0.1323,0.2347
XRP/USDT,1h,age0,full,local,bos,5,ote,zero,180,69,68,0.5652,0.3188,0.4203,0.0289,0.1354,32,-0.1320,0.0425,37,0.1636,0.2133,41,0.0938,0.2549,28,-0.0698,-0.0461
XRP/USDT,1h,age0,full,local,bos,5,ote,tight,180,69,68,0.5072,0.2754,0.4783,0.0987,0.2192,32,-0.1737,0.0353,37,0.3269,0.3733,41,0.1974,0.4193,28,-0.0513,-0.0847
XRP/USDT,1h,age0,full,local,bos,5,deep,zero,180,15,15,0.3333,0.0667,0.6667,0.2304,-0.0412,6,-0.3848,-0.6091,9,0.6405,0.3374,8,0.3842,-0.1204,7,0.0546,0.0494
XRP/USDT,1h,age0,full,local,bos,5,breaker,zero,92,36,36,0.6944,0.3611,0.3056,-0.0208,0.0914,19,-0.1095,0.0208,17,0.0782,0.1703,20,-0.0130,0.1255,16,-0.0306,0.0487
XRP/USDT,1h,age0,full,local,choch,0,ote,zero,284,205,205,0.6780,0.3854,0.3220,0.2163,0.3453,105,0.0934,0.2155,100,0.3454,0.4816,177,0.1858,0.3261,28,0.4095,0.4666
XRP/USDT,1h,age0,full,local,choch,0,ote,tight,284,205,205,0.5805,0.2976,0.4195,0.2391,0.3491,105,0.0978,0.2138,100,0.3875,0.4912,177,0.2301,0.3703,28,0.2960,0.2152
XRP/USDT,1h,age0,full,local,choch,0,deep,zero,284,148,148,0.3311,0.1824,0.6689,0.2221,0.2608,78,-0.0062,0.0399,70,0.4764,0.5070,125,0.2107,0.2365,23,0.2839,0.3929
XRP/USDT,1h,age0,full,local,choch,0,breaker,zero,215,160,160,0.8438,0.4938,0.1563,0.1897,0.3648,73,0.1589,0.3091,87,0.2155,0.4116,136,0.2026,0.3958,24,0.1163,0.1890
XRP/USDT,1h,age0,full,local,choch,5,ote,zero,27,12,12,0.6667,0.3333,0.3333,0.1959,0.2757,8,-0.1031,0.0859,4,0.7939,0.6552,11,0.1416,0.2646,1,0.7939,0.3969
XRP/USDT,1h,age0,full,local,choch,5,ote,tight,27,12,12,0.5833,0.3333,0.4167,0.2452,0.4064,8,-0.1995,0.1414,4,1.1345,0.9364,11,0.1643,0.3917,1,1.1345,0.5673
XRP/USDT,1h,age0,full,local,choch,5,deep,zero,27,5,5,0.2000,0.0000,0.8000,-0.2618,-0.5309,4,-0.0772,-0.4136,1,-1.0000,-1.0000,4,-0.0772,-0.4136,1,-1.0000,-1.0000
XRP/USDT,1h,age0,full,local,choch,5,breaker,zero,17,5,5,0.8000,0.6000,0.2000,0.1280,0.3870,1,0.4100,0.9100,4,0.0575,0.2563,5,0.1280,0.3870,0,,
XRP/USDT,1h,age0,full,global,bos,0,ote,zero,396,166,164,0.5843,0.3253,0.4036,0.0610,0.1664,86,-0.0176,0.1094,80,0.1436,0.2263,97,0.0091,0.1194,69,0.1344,0.2328
XRP/USDT,1h,age0,full,global,bos,0,ote,tight,396,166,164,0.5000,0.2711,0.4880,0.0803,0.1983,86,-0.0344,0.0957,80,0.2007,0.3060,97,0.0228,0.1816,69,0.1614,0.2219
XRP/USDT,1h,age0,full,global,bos,0,deep,zero,396,41,41,0.3902,0.2195,0.6098,0.4404,0.4980,16,-0.0772,0.0841,25,0.7717,0.7629,23,0.4443,0.3795,18,0.4354,0.6495
XRP/USDT,1h,age0,full,global,bos,0,breaker,zero,212,87,87,0.7126,0.3678,0.2874,0.0048,0.1180,43,-0.1474,-0.0255,44,0.1536,0.2583,58,-0.0033,0.1192,29,0.0210,0.1157
XRP/USDT,1h,age0,full,global,bos,5,ote,zero,376,154,152,0.5844,0.3182,0.4026,0.0622,0.1602,80,-0.0111,0.1145,74,0.1394,0.2083,86,0.0130,0.1170,68,0.1245,0.2149
XRP/USDT,1h,age0,full,global,bos,5,ote,tight,376,154,152,0.5065,0.2727,0.4805,0.0954,0.2122,80,-0.0148,0.1208,74,0.2115,0.3085,86,0.0296,0.1902,68,0.1788,0.2401
XRP/USDT,1h,age0,full,global,bos,5,deep,zero,376,34,34,0.3824,0.1765,0.6176,0.4113,0.3653,13,-0.1482,-0.0503,21,0.7577,0.6225,17,0.5199,0.2781,17,0.3027,0.4524
XRP/USDT,1h,age0,full,global,bos,5,breaker,zero,195,73,73,0.7123,0.3425,0.2877,0.0044,0.0998,36,-0.1383,-0.0286,37,0.1432,0.2247,46,0.0115,0.1250,27,-0.0078,0.0569
XRP/USDT,1h,age0,full,global,choch,0,ote,zero,284,182,182,0.5879,0.3626,0.4121,0.0547,0.1959,90,0.0165,0.1130,92,0.0919,0.2770,161,0.0362,0.1663,21,0.1959,0.4232
XRP/USDT,1h,age0,full,global,choch,0,ote,tight,284,182,182,0.5055,0.2967,0.4945,0.0790,0.2303,90,-0.0039,0.0759,92,0.1601,0.3813,161,0.0606,0.2006,21,0.2197,0.4580
XRP/USDT,1h,age0,full,global,choch,0,deep,zero,284,84,84,0.3095,0.2143,0.6905,0.1425,0.2948,46,0.0431,0.1822,38,0.2627,0.4311,77,0.1505,0.3171,7,0.0546,0.0494
XRP/USDT,1h,age0,full,global,choch,0,breaker,zero,177,110,110,0.7636,0.5273,0.2364,0.0767,0.2919,43,0.0493,0.2410,67,0.0943,0.3246,95,0.0983,0.3097,15,-0.0600,0.1793
XRP/USDT,1h,age0,full,global,choch,5,ote,zero,100,53,53,0.5849,0.3396,0.4151,0.0493,0.1679,23,-0.0641,-0.0017,30,0.1361,0.2980,42,0.0251,0.1180,11,0.1416,0.3585
XRP/USDT,1h,age0,full,global,choch,5,ote,tight,100,53,53,0.4906,0.3019,0.5094,0.0471,0.2145,23,-0.2575,-0.1339,30,0.2807,0.4817,42,0.0165,0.1681,11,0.1643,0.3917
XRP/USDT,1h,age0,full,global,choch,5,deep,zero,100,11,11,0.2727,0.0909,0.7273,0.0067,-0.1190,5,-0.2618,-0.5309,6,0.2304,0.2243,9,0.2304,0.0768,2,-1.0000,-1.0000
XRP/USDT,1h,age0,full,global,choch,5,breaker,zero,56,27,27,0.7037,0.5185,0.2963,-0.0078,0.2135,6,-0.0600,0.1558,21,0.0071,0.2300,20,0.1280,0.3518,7,-0.3957,-0.1814
XRP/USDT,2h,age0,full,local,bos,0,ote,zero,371,233,232,0.5923,0.3476,0.4034,0.0671,0.1916,112,0.0182,0.1838,121,0.1119,0.1989,143,0.0788,0.2013,90,0.0481,0.1760
XRP/USDT,2h,age0,full,local,bos,0,ote,tight,371,233,232,0.4979,0.2618,0.4979,0.0673,0.1718,112,0.0192,0.2006,121,0.1114,0.1455,143,0.0747,0.1918,90,0.0553,0.1398
XRP/USDT,2h,age0,full,local,bos,0,deep,zero,371,128,128,0.3672,0.1797,0.6328,0.3553,0.3382,57,0.3599,0.3298,71,0.3517,0.3450,74,0.4964,0.4172,54,0.1620,0.2300
XRP/USDT,2h,age0,full,local,bos,0,breaker,zero,225,147,147,0.8095,0.4422,0.1905,0.1414,0.2872,73,0.1589,0.3284,74,0.1242,0.2466,94,0.1250,0.2764,53,0.1706,0.3063
XRP/USDT,2h,age0,full,local,bos,5,ote,zero,175,84,83,0.5714,0.3214,0.4167,0.0374,0.1439,48,-0.0458,0.0508,36,0.1461,0.2655,55,0.0437,0.1884,29,0.0251,0.0565
XRP/USDT,2h,age0,full,local,bos,5,ote,tight,175,84,83,0.5238,0.2738,0.4643,0.1316,0.2400,48,-0.0009,0.1106,36,0.3044,0.4089,55,0.1255,0.2827,29,0.1435,0.1560
XRP/USDT,2h,age0,full,local,bos,5,deep,zero,175,17,17,0.2941,0.0588,0.7059,0.0856,-0.1540,9,0.2304,-0.2182,8,-0.0772,-0.0818,9,0.6405,0.3374,8,-0.5386,-0.7068
XRP/USDT,2h,age0,full,local,bos,5,breaker,zero,84,38,38,0.7632,0.3684,0.2368,0.0761,0.1793,24,0.1162,0.2477,14,0.0071,0.0621,26,0.0304,0.1788,12,0.1750,0.1804
XRP/USDT,2h,age0,full,local,choch,0,ote,zero,293,208,208,0.6346,0.3558,0.3654,0.1384,0.2541,113,0.1271,0.2617,95,0.1519,0.2450,185,0.1442,0.2596,23,0.0919,0.2096
XRP/USDT,2h,age0,full,local,choch,0,ote,tight,293,208,208,0.5385,0.2788,0.4615,0.1494,0.2556,113,0.1145,0.2364,95,0.1909,0.2784,185,0.1538,0.2542,23,0.1137,0.2670
XRP/USDT,2h,age0,full,local,choch,0,deep,zero,293,131,131,0.3282,0.1756,0.6718,0.2116,0.2360,73,0.3146,0.3445,58,0.0819,0.0994,117,0.1988,0.2156,14,0.3182,0.4065
XRP/USDT,2h,age0,full,local,choch,0,breaker,zero,216,153,153,0.8366,0.4837,0.1634,0.1796,0.3491,83,0.1722,0.3245,70,0.1884,0.3782,132,0.1536,0.3224,21,0.3429,0.5169
XRP/USDT,2h,age0,full,local,choch,5,ote,zero,40,22,22,0.4545,0.1818,0.5455,-0.1846,-0.1772,15,-0.1628,-0.1415,7,-0.2312,-0.2537,18,-0.2027,-0.1496,4,-0.1031,-0.3015
XRP/USDT,2h,age0,full,local,choch,5,ote,tight,40,22,22,0.2727,0.0455,0.7273,-0.4179,-0.5055,15,-0.2885,-0.3792,7,-0.6951,-0.7761,18,-0.4071,-0.4826,4,-0.4664,-0.6082
XRP/USDT,2h,age0,full,local,choch,5,deep,zero,40,5,5,0.0000,0.0000,1.0000,-1.0000,-1.0000,4,-1.0000,-1.0000,1,-1.0000,-1.0000,5,-1.0000,-1.0000,0,,
XRP/USDT,2h,age0,full,local,choch,5,breaker,zero,23,12,12,0.7500,0.2500,0.2500,0.0575,0.0800,10,-0.0130,0.0550,2,0.4100,0.2050,10,-0.0130,0.0550,2,0.4100,0.2050
XRP/USDT,2h,age0,full,global,bos,0,ote,zero,371,179,178,0.5587,0.2961,0.4358,0.0078,0.0924,95,-0.0840,-0.0449,84,0.1105,0.2460,112,0.0091,0.0625,67,0.0057,0.1431
XRP/USDT,2h,age0,full,global,bos,0,ote,tight,371,179,178,0.4916,0.2514,0.5028,0.0553,0.1481,95,-0.0463,-0.0170,84,0.1689,0.3328,112,0.0292,0.1116,67,0.0996,0.2100
XRP/USDT,2h,age0,full,global,bos,0,deep,zero,371,42,42,0.3333,0.1190,0.6667,0.2304,0.0979,21,-0.1212,-0.3151,21,0.5819,0.5108,28,0.1864,-0.0565,14,0.3182,0.4065
XRP/USDT,2h,age0,full,global,bos,0,breaker,zero,184,92,92,0.7174,0.3696,0.2826,0.0115,0.1250,51,-0.0600,0.0245,41,0.1005,0.2500,60,0.0105,0.1338,32,0.0134,0.1084
XRP/USDT,2h,age0,full,global,bos,5,ote,zero,346,162,161,0.5432,0.2778,0.4506,-0.0195,0.0523,90,-0.0930,-0.0731,72,0.0714,0.2073,98,-0.0298,0.0085,64,-0.0034,0.1204
XRP/USDT,2h,age0,full,global,bos,5,ote,tight,346,162,161,0.4753,0.2346,0.5185,0.0209,0.0980,90,-0.0646,-0.0644,72,0.1266,0.2988,98,-0.0199,0.0511,64,0.0842,0.1710
XRP/USDT,2h,age0,full,global,bos,5,deep,zero,346,34,34,0.3235,0.1176,0.6765,0.1942,0.0711,19,-0.0287,-0.2430,15,0.4764,0.4691,20,0.1073,-0.1636,14,0.3182,0.4065
XRP/USDT,2h,age0,full,global,bos,5,breaker,zero,167,82,82,0.7073,0.3415,0.2927,-0.0027,0.0930,49,-0.0792,-0.0116,33,0.1109,0.2485,53,-0.0157,0.0940,29,0.0210,0.0914
XRP/USDT,2h,age0,full,global,choch,0,ote,zero,293,186,186,0.6183,0.3602,0.3817,0.1091,0.2358,101,0.1190,0.2191,85,0.0974,0.2557,166,0.0915,0.2234,20,0.2557,0.3394
XRP/USDT,2h,age0,full,global,choch,0,ote,tight,293,186,186,0.5538,0.3011,0.4462,0.1820,0.3124,101,0.2680,0.3988,85,0.0798,0.2097,166,0.1701,0.3127,20,0.2807,0.3095
XRP/USDT,2h,age0,full,global,choch,0,deep,zero,293,84,84,0.3333,0.1905,0.6667,0.2304,0.2875,48,0.0766,0.0712,36,0.4354,0.5758,75,0.2304,0.2773,9,0.2304,0.3717
XRP/USDT,2h,age0,full,global,choch,0,breaker,zero,185,113,113,0.8053,0.4336,0.1947,0.1355,0.2761,61,0.1557,0.2766,52,0.1117,0.2755,97,0.1047,0.2639,16,0.3219,0.3500
XRP/USDT,2h,age0,full,global,choch,5,ote,zero,114,61,61,0.5246,0.3115,0.4754,-0.0589,0.0546,34,0.0552,0.1256,27,-0.2027,-0.0348,51,-0.0855,-0.0042,10,0.0763,0.3547
XRP/USDT,2h,age0,full,global,choch,5,ote,tight,114,61,61,0.4262,0.2295,0.5738,-0.0902,0.0069,34,0.1301,0.2205,27,-0.3675,-0.2622,51,-0.1211,-0.0652,10,0.0673,0.3742
XRP/USDT,2h,age0,full,global,choch,5,deep,zero,114,20,20,0.2500,0.1500,0.7500,-0.0772,-0.0154,11,-0.3289,-0.5735,9,0.2304,0.6667,16,-0.0772,-0.0818,4,-0.0772,0.2500
XRP/USDT,2h,age0,full,global,choch,5,breaker,zero,62,31,31,0.7097,0.3548,0.2903,0.0006,0.1053,21,0.0071,0.1293,10,-0.0130,0.0550,24,-0.1188,-0.0119,7,0.4100,0.5071
XRP/USDT,4h,age0,full,local,bos,0,ote,zero,258,160,159,0.5750,0.3187,0.4188,0.0380,0.1397,99,0.0983,0.2137,61,-0.0589,0.0207,95,0.0687,0.1839,65,-0.0065,0.0757
XRP/USDT,4h,age0,full,local,bos,0,ote,tight,258,160,159,0.5000,0.2625,0.4938,0.0740,0.1785,99,0.1108,0.2224,61,0.0148,0.1081,95,0.1354,0.2420,65,-0.0148,0.0868
XRP/USDT,4h,age0,full,local,bos,0,deep,zero,258,90,90,0.2333,0.1000,0.7667,-0.1387,-0.1873,56,0.1205,0.0438,34,-0.5658,-0.5679,55,-0.1276,-0.2525,35,-0.1563,-0.0847
XRP/USDT,4h,age0,full,local,bos,0,breaker,zero,154,100,100,0.7900,0.4200,0.2100,0.1139,0.2480,62,0.1371,0.2902,38,0.0761,0.1793,56,0.1834,0.3638,44,0.0255,0.1007
XRP/USDT,4h,age0,full,local,bos,5,ote,zero,121,55,54,0.6000,0.4364,0.3818,0.0963,0.3128,41,0.0763,0.3289,14,0.1532,0.2670,31,0.1959,0.4478,24,-0.0283,0.1441
XRP/USDT,4h,age0,full,local,bos,5,ote,tight,121,55,54,0.5273,0.3636,0.4545,0.1463,0.3885,41,0.0673,0.3373,14,0.3722,0.5348,31,0.2096,0.4787,24,0.0673,0.2758
XRP/USDT,4h,age0,full,local,bos,5,deep,zero,121,12,12,0.2500,0.0833,0.7500,-0.0772,-0.1924,9,0.2304,0.0768,3,-1.0000,-1.0000,9,0.2304,0.0768,3,-1.0000,-1.0000
XRP/USDT,4h,age0,full,local,bos,5,breaker,zero,59,26,26,0.8077,0.5000,0.1923,0.1388,0.3258,21,0.2086,0.4021,5,-0.1540,0.0050,14,0.1079,0.4000,12,0.1750,0.2392
XRP/USDT,4h,age0,full,local,choch,0,ote,zero,195,146,146,0.5822,0.3699,0.4178,0.0444,0.1954,77,0.0484,0.2189,69,0.0399,0.1692,120,0.0614,0.2053,26,-0.0341,0.1495
XRP/USDT,4h,age0,full,local,choch,0,ote,tight,195,146,146,0.5068,0.3014,0.4932,0.0819,0.2393,77,0.0811,0.2540,69,0.0827,0.2229,120,0.0851,0.2273,26,0.0673,0.2947
XRP/USDT,4h,age0,full,local,choch,0,deep,zero,195,97,97,0.2887,0.2062,0.7113,0.0655,0.2244,52,-0.0062,0.1930,45,0.1483,0.2606,84,0.1425,0.2948,13,-0.4321,-0.2308
XRP/USDT,4h,age0,full,local,choch,0,breaker,zero,126,93,92,0.7742,0.4301,0.2151,0.1035,0.2496,49,0.0071,0.1629,44,0.2133,0.3484,77,0.1353,0.2724,16,-0.0600,0.1323
XRP/USDT,4h,age0,full,local,choch,5,ote,zero,28,19,19,0.4737,0.2105,0.5263,-0.1503,-0.1208,12,-0.1031,-0.0433,7,-0.2312,-0.2537,11,-0.1846,-0.1772,8,-0.1031,-0.0433
XRP/USDT,4h,age0,full,local,choch,5,ote,tight,28,19,19,0.4737,0.2105,0.5263,0.0111,0.0532,12,0.0673,0.1527,7,-0.0852,-0.1174,11,-0.0298,-0.0192,8,0.0673,0.1527
XRP/USDT,4h,age0,full,local,choch,5,deep,zero,28,8,8,0.1250,0.1250,0.8750,-0.5386,-0.3750,7,-1.0000,-1.0000,1,2.6911,4.0000,8,-0.5386,-0.3750,0,,
XRP/USDT,4h,age0,full,local,choch,5,breaker,zero,14,6,6,0.3333,0.1667,0.6667,-0.5300,-0.4808,6,-0.5300,-0.4808,0,,,4,-0.6475,-0.6987,2,-0.2950,-0.0450
XRP/USDT,4h,age0,full,global,bos,0,ote,zero,258,142,141,0.5986,0.4085,0.3944,0.0814,0.2671,91,0.0963,0.3473,51,0.0552,0.1256,87,0.0638,0.2729,55,0.1090,0.2580
XRP/USDT,4h,age0,full,global,bos,0,ote,tight,258,142,141,0.4930,0.2958,0.5000,0.0597,0.2178,91,0.1147,0.3434,51,-0.0374,-0.0037,87,0.0673,0.2471,55,0.0479,0.1720
XRP/USDT,4h,age0,full,global,bos,0,deep,zero,258,37,37,0.2703,0.1622,0.7297,-0.0024,0.0644,25,0.4764,0.5753,12,-1.0000,-1.0000,26,-0.1482,-0.2545,11,0.3422,0.8182
XRP/USDT,4h,age0,full,global,bos,0,breaker,zero,129,70,70,0.7000,0.4286,0.3000,-0.0130,0.1456,48,-0.0600,0.0971,22,0.0895,0.2516,44,-0.0386,0.1420,26,0.0304,0.1517
XRP/USDT,4h,age0,full,global,bos,5,ote,zero,246,132,131,0.6288,0.4318,0.3636,0.1366,0.3346,83,0.1595,0.4320,49,0.0983,0.1715,81,0.1212,0.3509,51,0.1608,0.3090
XRP/USDT,4h,age0,full,global,bos,5,ote,tight,246,132,131,0.5152,0.3106,0.4773,0.1080,0.2756,83,0.1714,0.4182,49,0.0019,0.0370,81,0.1206,0.3211,51,0.0882,0.2043
XRP/USDT,4h,age0,full,global,bos,5,deep,zero,246,31,31,0.3226,0.1935,0.6774,0.1907,0.2704,20,0.8455,0.9691,11,-1.0000,-1.0000,23,-0.0371,-0.1573,8,0.8455,1.5000
XRP/USDT,4h,age0,full,global,bos,5,breaker,zero,124,66,66,0.7424,0.4545,0.2576,0.0468,0.2151,44,0.0255,0.1968,22,0.0895,0.2516,41,0.0317,0.2256,25,0.0716,0.1978
XRP/USDT,4h,age0,full,global,choch,0,ote,zero,195,124,124,0.5726,0.3710,0.4274,0.0271,0.1831,65,-0.0065,0.1710,59,0.0642,0.1964,104,0.0349,0.2132,20,-0.0134,0.0266
XRP/USDT,4h,age0,full,global,choch,0,ote,tight,195,124,124,0.5081,0.3065,0.4919,0.0845,0.2487,65,0.0509,0.2486,59,0.1215,0.2489,104,0.0673,0.2521,20,0.1740,0.2311
XRP/USDT,4h,age0,full,global,choch,0,deep,zero,195,63,63,0.2540,0.1905,0.7460,-0.0626,0.1013,33,-0.2170,-0.1003,30,0.1073,0.3230,55,0.0067,0.2188,8,-0.5386,-0.7068
XRP/USDT,4h,age0,full,global,choch,0,breaker,zero,115,78,77,0.7436,0.4872,0.2436,0.0621,0.2556,41,-0.0027,0.1962,37,0.1358,0.3232,61,0.1095,0.2834,17,-0.1188,0.1497
XRP/USDT,4h,age0,full,global,choch,5,ote,zero,79,51,51,0.5490,0.3529,0.4510,-0.0151,0.1316,30,0.0165,0.2393,21,-0.0603,-0.0223,37,0.0666,0.2215,14,-0.2312,-0.1061
XRP/USDT,4h,age0,full,global,choch,5,ote,tight,79,51,51,0.4706,0.2941,0.5294,0.0045,0.1718,30,-0.0039,0.2235,21,0.0165,0.0978,37,0.0384,0.2014,14,-0.0852,0.0935
XRP/USDT,4h,age0,full,global,choch,5,deep,zero,79,19,19,0.1579,0.1579,0.8421,-0.4172,-0.2105,12,-0.3848,-0.1667,7,-0.4727,-0.2857,15,-0.2618,0.0000,4,-1.0000,-1.0000
XRP/USDT,4h,age0,full,global,choch,5,breaker,zero,42,25,25,0.6000,0.5200,0.4000,-0.1540,0.0896,14,-0.3957,-0.1814,11,0.1536,0.4345,14,0.0071,0.2636,11,-0.3591,-0.1318
AAVE/USDT,1h,age0,full,local,bos,0,ote,zero,413,237,237,0.6203,0.3460,0.3797,0.1127,0.2239,98,0.1166,0.2069,139,0.1099,0.2359,154,0.1183,0.2264,83,0.1023,0.2193
AAVE/USDT,1h,age0,full,local,bos,0,ote,tight,413,237,237,0.5443,0.2785,0.4557,0.1618,0.2642,98,0.1762,0.2402,139,0.1517,0.2811,154,0.1643,0.2767,83,0.1573,0.2411
AAVE/USDT,1h,age0,full,local,bos,0,deep,zero,413,138,138,0.3333,0.1884,0.6667,0.2304,0.2820,52,0.1357,0.1301,86,0.2876,0.3738,88,0.1325,0.1118,50,0.4026,0.5815
AAVE/USDT,1h,age0,full,local,bos,0,breaker,zero,246,150,150,0.7667,0.3800,0.2333,0.0810,0.1917,60,0.1045,0.1789,90,0.0653,0.2003,101,0.0889,0.1889,49,0.0647,0.1977
AAVE/USDT,1h,age0,full,local,bos,5,ote,zero,166,56,56,0.5357,0.2500,0.4643,-0.0390,0.0066,22,0.0600,0.0603,34,-0.1031,-0.0281,31,0.0416,0.1111,25,-0.1389,-0.1228
AAVE/USDT,1h,age0,full,local,bos,5,ote,tight,166,56,56,0.4464,0.1964,0.5536,-0.0471,-0.0103,22,0.0673,0.0521,34,-0.1211,-0.0507,31,0.1017,0.1423,25,-0.2316,-0.1996
AAVE/USDT,1h,age0,full,local,bos,5,deep,zero,166,11,11,0.2727,0.0000,0.7273,0.0067,-0.3603,2,0.8455,0.1728,9,-0.1798,-0.4788,5,-0.2618,-0.5309,6,0.2304,-0.2182
AAVE/USDT,1h,age0,full,local,bos,5,breaker,zero,71,24,24,0.6250,0.1250,0.3750,-0.1188,-0.1588,10,-0.0130,-0.0155,14,-0.1943,-0.2611,13,-0.0238,-0.0031,11,-0.2309,-0.3427
AAVE/USDT,1h,age0,full,local,choch,0,ote,zero,317,229,229,0.6245,0.3319,0.3755,0.1202,0.2152,108,0.1295,0.2239,121,0.1119,0.2074,193,0.1618,0.2473,36,-0.1031,0.0428
AAVE/USDT,1h,age0,full,local,choch,0,ote,tight,317,229,229,0.5328,0.2620,0.4672,0.1372,0.2218,108,0.1463,0.2655,121,0.1290,0.1828,193,0.2055,0.2753,36,-0.2292,-0.0649
AAVE/USDT,1h,age0,full,local,choch,0,deep,zero,317,160,160,0.3250,0.1875,0.6750,0.1996,0.2600,74,0.2470,0.3305,86,0.1588,0.1994,135,0.2030,0.2364,25,0.1812,0.3876
AAVE/USDT,1h,age0,full,local,choch,0,breaker,zero,213,153,153,0.7778,0.4575,0.2222,0.0967,0.2598,79,0.1066,0.2670,74,0.0861,0.2521,123,0.1120,0.2885,30,0.0340,0.1422
AAVE/USDT,1h,age0,full,local,choch,5,ote,zero,42,20,20,0.5000,0.3000,0.5000,-0.1031,0.0084,12,-0.1031,-0.0433,8,-0.1031,0.0859,16,-0.1031,0.0859,4,-0.1031,-0.3015
AAVE/USDT,1h,age0,full,local,choch,5,ote,tight,42,20,20,0.4500,0.3000,0.5500,-0.0395,0.1482,12,-0.1106,0.0221,8,0.0673,0.3373,16,0.0673,0.3373,4,-0.4664,-0.6082
AAVE/USDT,1h,age0,full,local,choch,5,deep,zero,42,6,6,0.0000,0.0000,1.0000,-1.0000,-1.0000,3,-1.0000,-1.0000,3,-1.0000,-1.0000,6,-1.0000,-1.0000,0,,
AAVE/USDT,1h,age0,full,local,choch,5,breaker,zero,23,10,10,0.7000,0.3000,0.3000,-0.0130,0.0550,5,0.1280,0.2460,5,-0.1540,-0.1360,7,-0.1943,-0.0093,3,0.4100,0.2050
AAVE/USDT,1h,age0,full,global,bos,0,ote,zero,413,184,184,0.5815,0.3207,0.4185,0.0432,0.1436,72,0.0215,0.0681,112,0.0571,0.1922,117,0.0733,0.1625,67,-0.0093,0.1107
AAVE/USDT,1h,age0,full,global,bos,0,ote,tight,413,184,184,0.4946,0.2446,0.5054,0.0557,0.1362,72,-0.0810,-0.0586,112,0.1435,0.2614,117,0.0764,0.1437,67,0.0195,0.1231
AAVE/USDT,1h,age0,full,global,bos,0,deep,zero,413,42,42,0.2381,0.1429,0.7619,-0.1212,-0.0623,15,-0.0157,-0.0206,27,-0.1798,-0.0855,24,-0.0772,-0.0818,18,-0.1798,-0.0364
AAVE/USDT,1h,age0,full,global,bos,0,breaker,zero,198,80,80,0.6000,0.2375,0.4000,-0.1540,-0.1096,36,-0.0992,-0.0539,44,-0.1989,-0.1551,46,-0.1417,-0.1133,34,-0.1706,-0.1046
AAVE/USDT,1h,age0,full,global,bos,5,ote,zero,363,151,151,0.5960,0.3311,0.4040,0.0692,0.1747,57,0.0700,0.1233,94,0.0687,0.2059,89,0.1489,0.2429,62,-0.0452,0.0768
AAVE/USDT,1h,age0,full,global,bos,5,ote,tight,363,151,151,0.5099,0.2450,0.4901,0.0885,0.1610,57,0.0111,0.0273,94,0.1354,0.2420,89,0.1752,0.2278,62,-0.0360,0.0650
AAVE/USDT,1h,age0,full,global,bos,5,deep,zero,363,24,24,0.2917,0.2083,0.7083,0.0766,0.2371,7,0.0546,0.0494,17,0.0856,0.3144,8,0.3842,0.5432,16,-0.0772,0.0841
AAVE/USDT,1h,age0,full,global,bos,5,breaker,zero,168,64,64,0.5938,0.2656,0.4063,-0.1628,-0.0973,29,-0.0762,-0.0160,35,-0.2346,-0.1646,33,-0.1455,-0.0988,31,-0.1813,-0.0956
AAVE/USDT,1h,age0,full,global,choch,0,ote,zero,317,214,214,0.5935,0.3037,0.4065,0.0646,0.1428,101,0.0124,0.0543,113,0.1113,0.2219,179,0.0523,0.1138,35,0.1276,0.2913
AAVE/USDT,1h,age0,full,global,choch,0,ote,tight,317,214,214,0.5000,0.2383,0.5000,0.0673,0.1355,101,-0.0067,0.0217,113,0.1334,0.2372,179,0.0732,0.1262,35,0.0368,0.1831
AAVE/USDT,1h,age0,full,global,choch,0,deep,zero,317,122,122,0.3033,0.1230,0.6967,0.1194,0.0377,53,-0.0250,-0.1300,69,0.2304,0.1666,107,0.0694,0.0021,15,0.4764,0.2921
AAVE/USDT,1h,age0,full,global,choch,0,breaker,zero,182,115,115,0.8609,0.4522,0.1391,0.2138,0.3561,59,0.2188,0.3164,56,0.2086,0.3979,93,0.1977,0.3420,22,0.2818,0.4159
AAVE/USDT,1h,age0,full,global,choch,5,ote,zero,80,46,46,0.5652,0.3478,0.4348,0.0139,0.1489,24,-0.0283,0.0580,22,0.0600,0.2481,32,0.0651,0.2168,14,-0.1031,-0.0064
AAVE/USDT,1h,age0,full,global,choch,5,ote,tight,80,46,46,0.4783,0.3043,0.5217,0.0209,0.1989,24,-0.1106,-0.0394,22,0.1643,0.4588,32,0.1340,0.3401,14,-0.2377,-0.1239
AAVE/USDT,1h,age0,full,global,choch,5,deep,zero,80,17,17,0.1176,0.0000,0.8824,-0.5658,-0.7241,7,-1.0000,-1.0000,10,-0.2618,-0.5309,12,-0.3848,-0.6091,5,-1.0000,-1.0000
AAVE/USDT,1h,age0,full,global,choch,5,breaker,zero,39,17,17,0.7647,0.2353,0.2353,0.0782,0.0874,7,0.2086,0.1336,10,-0.0130,0.0550,10,0.1280,0.1755,7,0.0071,-0.0386
AAVE/USDT,2h,age0,full,local,bos,0,ote,zero,431,254,253,0.5984,0.2638,0.3976,0.0778,0.1129,131,0.0901,0.1191,123,0.0647,0.1062,161,0.0697,0.0832,93,0.0919,0.1647
AAVE/USDT,2h,age0,full,local,bos,0,ote,tight,431,254,253,0.5118,0.2008,0.4843,0.0968,0.1029,131,0.1658,0.1512,123,0.0239,0.0519,161,0.0606,0.0172,93,0.1601,0.2530
AAVE/USDT,2h,age0,full,local,bos,0,deep,zero,431,163,163,0.2515,0.0982,0.7485,-0.0716,-0.1495,77,-0.0413,-0.1495,86,-0.0987,-0.1495,106,-0.1295,-0.1713,57,0.0361,-0.1088
AAVE/USDT,2h,age0,full,local,bos,0,breaker,zero,264,170,170,0.7529,0.3529,0.2471,0.0616,0.1561,80,0.0751,0.1479,90,0.0497,0.1634,112,0.0575,0.1304,58,0.0697,0.2059
AAVE/USDT,2h,age0,full,local,bos,5,ote,zero,191,71,70,0.5915,0.2958,0.3944,0.0763,0.1481,45,0.0600,0.1072,26,0.1039,0.2173,42,-0.0176,-0.0136,29,0.2173,0.3907
AAVE/USDT,2h,age0,full,local,bos,5,ote,tight,191,71,70,0.5211,0.2394,0.4648,0.1283,0.1870,45,0.1158,0.1212,26,0.1494,0.2982,42,0.0165,-0.0428,29,0.2960,0.5316
AAVE/USDT,2h,age0,full,local,bos,5,deep,zero,191,15,15,0.1333,0.0667,0.8667,-0.5079,-0.5103,10,-0.2618,-0.2654,5,-1.0000,-1.0000,11,-0.6644,-0.7868,4,-0.0772,0.2500
AAVE/USDT,2h,age0,full,local,bos,5,breaker,zero,90,37,37,0.6486,0.3243,0.3514,-0.0854,0.0103,19,-0.1095,-0.0905,18,-0.0600,0.1167,26,-0.0781,0.0319,11,-0.1027,-0.0409
AAVE/USDT,2h,age0,full,local,choch,0,ote,zero,328,226,226,0.6106,0.3274,0.3894,0.0954,0.1913,120,0.0763,0.1567,106,0.1170,0.2304,194,0.1281,0.2353,32,-0.1031,-0.0755
AAVE/USDT,2h,age0,full,local,choch,0,ote,tight,328,226,226,0.5177,0.2611,0.4823,0.1051,0.1968,120,0.1206,0.1919,106,0.0874,0.2023,194,0.1443,0.2511,32,-0.1328,-0.1326
AAVE/USDT,2h,age0,full,local,choch,0,deep,zero,328,153,153,0.3072,0.1569,0.6928,0.1339,0.1369,79,-0.1590,-0.1296,74,0.4465,0.4214,127,0.1626,0.1568,26,-0.0062,0.0399
AAVE/USDT,2h,age0,full,local,choch,0,breaker,zero,223,149,149,0.7987,0.4497,0.2013,0.1261,0.2794,76,0.1317,0.2455,73,0.1203,0.3147,124,0.1598,0.3210,25,-0.0412,0.0732
AAVE/USDT,2h,age0,full,local,choch,5,ote,zero,39,22,22,0.3636,0.2273,0.6364,-0.3477,-0.2572,11,-0.3477,-0.3042,11,-0.3477,-0.2103,17,-0.1558,-0.0388,5,-1.0000,-1.0000
AAVE/USDT,2h,age0,full,local,choch,5,ote,tight,39,22,22,0.2727,0.1818,0.7273,-0.4179,-0.3041,11,-0.6119,-0.5808,11,-0.2238,-0.0274,17,-0.2466,-0.0995,5,-1.0000,-1.0000
AAVE/USDT,2h,age0,full,local,choch,5,deep,zero,39,6,6,0.0000,0.0000,1.0000,-1.0000,-1.0000,3,-1.0000,-1.0000,3,-1.0000,-1.0000,4,-1.0000,-1.0000,2,-1.0000,-1.0000
AAVE/USDT,2h,age0,full,local,choch,5,breaker,zero,22,9,9,0.4444,0.4444,0.5556,-0.3733,-0.1511,4,-0.2950,-0.0450,5,-0.4360,-0.2360,5,0.1280,0.5280,4,-1.0000,-1.0000
AAVE/USDT,2h,age0,full,global,bos,0,ote,zero,431,202,201,0.4851,0.2772,0.5099,-0.1254,-0.0311,113,-0.0870,-0.0123,89,-0.1736,-0.0547,135,-0.1230,-0.0339,67,-0.1302,-0.0253
AAVE/USDT,2h,age0,full,global,bos,0,ote,tight,431,202,201,0.4208,0.2030,0.5743,-0.0973,-0.0361,113,-0.0280,-0.0095,89,-0.1846,-0.0695,135,-0.1146,-0.0765,67,-0.0621,0.0466
AAVE/USDT,2h,age0,full,global,bos,0,deep,zero,431,51,51,0.2157,0.0980,0.7843,-0.2039,-0.2339,28,-0.2091,-0.2130,23,-0.1976,-0.2593,37,-0.2019,-0.1341,14,-0.2091,-0.4974
AAVE/USDT,2h,age0,full,global,bos,0,breaker,zero,199,94,94,0.6596,0.3404,0.3404,-0.0700,0.0348,53,-0.0689,-0.0047,41,-0.0715,0.0859,64,-0.0086,0.1227,30,-0.2010,-0.1527
AAVE/USDT,2h,age0,full,global,bos,5,ote,zero,398,183,182,0.4973,0.2896,0.4973,-0.1031,-0.0007,104,-0.0421,0.0368,79,-0.1825,-0.0496,122,-0.1178,-0.0251,61,-0.0732,0.0489
AAVE/USDT,2h,age0,full,global,bos,5,ote,tight,398,183,182,0.4426,0.2131,0.5519,-0.0500,0.0139,104,0.0155,0.0323,79,-0.1354,-0.0101,122,-0.0902,-0.0537,61,0.0317,0.1512
AAVE/USDT,2h,age0,full,global,bos,5,deep,zero,398,40,40,0.2000,0.1000,0.8000,-0.2618,-0.2654,24,-0.0772,-0.0818,16,-0.5386,-0.5409,29,-0.2363,-0.1486,11,-0.3289,-0.5735
AAVE/USDT,2h,age0,full,global,bos,5,breaker,zero,177,79,79,0.6709,0.3165,0.3291,-0.0541,0.0315,46,-0.0498,-0.0040,33,-0.0600,0.0811,53,-0.0157,0.0807,26,-0.1323,-0.0687
AAVE/USDT,2h,age0,full,global,choch,0,ote,zero,328,210,210,0.6048,0.3190,0.3952,0.0849,0.1744,111,0.1636,0.2598,99,-0.0034,0.0787,181,0.1100,0.1955,29,-0.0721,0.0432
AAVE/USDT,2h,age0,full,global,choch,0,ote,tight,328,210,210,0.4952,0.2714,0.5048,0.0571,0.1769,111,0.1346,0.2454,99,-0.0298,0.1001,181,0.0850,0.2045,29,-0.1167,0.0049
AAVE/USDT,2h,age0,full,global,choch,0,deep,zero,328,111,111,0.2613,0.1171,0.7387,-0.0357,-0.0763,56,0.0546,0.0968,55,-0.1276,-0.2525,95,0.0102,-0.0786,16,-0.3079,-0.0625
AAVE/USDT,2h,age0,full,global,choch,0,breaker,zero,201,116,116,0.7845,0.4483,0.2155,0.1061,0.2613,56,0.0827,0.2148,60,0.1280,0.3048,101,0.1448,0.2924,15,-0.1540,0.0520
AAVE/USDT,2h,age0,full,global,choch,5,ote,zero,94,58,58,0.6379,0.3103,0.3621,0.1444,0.2118,30,0.2557,0.3567,28,0.0251,0.0565,41,0.2251,0.2564,17,-0.0503,0.1042
AAVE/USDT,2h,age0,full,global,choch,5,ote,tight,94,58,58,0.5345,0.2759,0.4655,0.1409,0.2450,30,0.2096,0.3310,28,0.0673,0.1527,41,0.2495,0.3135,17,-0.1211,0.0796
AAVE/USDT,2h,age0,full,global,choch,5,deep,zero,94,16,16,0.2500,0.0625,0.7500,-0.0772,-0.2477,7,0.0546,0.0494,9,-0.1798,-0.4788,10,0.1073,-0.2963,6,-0.3848,-0.1667
AAVE/USDT,2h,age0,full,global,choch,5,breaker,zero,49,21,21,0.6190,0.3810,0.3810,-0.1271,0.0145,8,-0.1188,0.1056,13,-0.1323,-0.0415,12,0.0575,0.1975,9,-0.3733,-0.2294
AAVE/USDT,4h,age0,full,local,bos,0,ote,zero,281,173,171,0.5780,0.3006,0.4104,0.0491,0.1311,102,0.0584,0.1548,71,0.0359,0.0977,115,0.0319,0.0778,58,0.0825,0.2348
AAVE/USDT,4h,age0,full,local,bos,0,ote,tight,281,173,171,0.4855,0.2081,0.5029,0.0485,0.0807,102,0.0673,0.1084,71,0.0222,0.0416,115,0.0389,0.0241,58,0.0673,0.1909
AAVE/USDT,4h,age0,full,local,bos,0,deep,zero,281,107,107,0.3271,0.1963,0.6729,0.2074,0.2882,63,0.2304,0.2875,44,0.1744,0.2893,76,0.2142,0.2955,31,0.1907,0.2704
AAVE/USDT,4h,age0,full,local,bos,0,breaker,zero,155,105,105,0.8000,0.4190,0.2000,0.1280,0.2594,59,0.1710,0.3114,46,0.0728,0.1927,72,0.1554,0.2714,33,0.0682,0.2333
AAVE/USDT,4h,age0,full,local,bos,5,ote,zero,117,44,42,0.5000,0.2955,0.4545,-0.0603,0.0515,27,0.0763,0.2514,17,-0.2613,-0.2425,27,-0.0672,-0.0670,17,-0.0503,0.2257
AAVE/USDT,4h,age0,full,local,bos,5,ote,tight,117,44,42,0.4773,0.2273,0.4773,0.0673,0.1352,27,0.1953,0.2911,17,-0.1211,-0.0941,27,0.0246,-0.0115,17,0.1301,0.3508
AAVE/USDT,4h,age0,full,local,bos,5,deep,zero,117,11,11,0.2727,0.0909,0.7273,0.0067,-0.1190,7,-0.4727,-0.6649,4,0.8455,0.8364,9,-0.1798,-0.4788,2,0.8455,1.5000
AAVE/USDT,4h,age0,full,local,bos,5,breaker,zero,43,17,17,0.7059,0.4706,0.2941,-0.0047,0.1824,10,0.1280,0.3870,7,-0.1943,-0.1100,11,0.0255,0.1968,6,-0.0600,0.1558
AAVE/USDT,4h,age0,full,local,choch,0,ote,zero,207,147,147,0.6667,0.3265,0.3333,0.1959,0.2686,76,0.1566,0.2541,71,0.2380,0.2842,120,0.1660,0.2524,27,0.3288,0.3409
AAVE/USDT,4h,age0,full,local,choch,0,ote,tight,207,147,147,0.5578,0.2449,0.4422,0.1907,0.2358,76,0.1234,0.1745,71,0.2627,0.3014,120,0.1206,0.1796,27,0.5021,0.4857
AAVE/USDT,4h,age0,full,local,choch,0,deep,zero,207,99,99,0.3030,0.1919,0.6970,0.1185,0.2202,53,0.1839,0.2532,46,0.0431,0.1822,78,0.1830,0.2963,21,-0.1212,-0.0623
AAVE/USDT,4h,age0,full,local,choch,0,breaker,zero,148,104,104,0.7404,0.3942,0.2596,0.0439,0.1701,61,0.0170,0.1466,43,0.0821,0.2035,87,0.0372,0.1782,17,0.0782,0.1288
AAVE/USDT,4h,age0,full,local,choch,5,ote,zero,12,8,8,0.7500,0.3750,0.2500,0.3454,0.4351,5,0.0763,0.0448,3,0.7939,1.0857,5,0.0763,0.2514,3,0.7939,0.7413
AAVE/USDT,4h,age0,full,local,choch,5,ote,tight,12,8,8,0.7500,0.3750,0.2500,0.6009,0.7291,5,0.2807,0.2356,3,1.1345,1.5515,5,0.2807,0.5309,3,1.1345,1.0594
AAVE/USDT,4h,age0,full,local,choch,5,deep,zero,12,3,3,0.3333,0.0000,0.6667,0.2304,-0.2182,3,0.2304,-0.2182,0,,,2,-1.0000,-1.0000,1,2.6911,1.3455
AAVE/USDT,4h,age0,full,local,choch,5,breaker,zero,7,4,4,0.7500,0.5000,0.2500,0.0575,0.2562,3,-0.0600,0.0383,1,0.4100,0.9100,3,-0.0600,0.2733,1,0.4100,0.2050
AAVE/USDT,4h,age0,full,global,bos,0,ote,zero,281,139,138,0.5683,0.3669,0.4245,0.0269,0.1815,81,0.1212,0.2992,58,-0.1031,0.0191,91,-0.0034,0.0975,48,0.0838,0.3390
AAVE/USDT,4h,age0,full,global,bos,0,ote,tight,281,139,138,0.5108,0.2878,0.4820,0.0982,0.2343,81,0.2007,0.3060,58,-0.0431,0.1353,91,0.0436,0.0779,48,0.2007,0.5275
AAVE/USDT,4h,age0,full,global,bos,0,deep,zero,281,30,30,0.3667,0.2667,0.6333,0.3534,0.5679,19,0.1656,0.2995,11,0.6778,1.0314,19,-0.0287,0.0364,11,1.0133,1.4860
AAVE/USDT,4h,age0,full,global,bos,0,breaker,zero,130,60,60,0.6833,0.4167,0.3167,-0.0365,0.1172,35,0.0071,0.1830,25,-0.0976,0.0250,44,-0.0066,0.1534,16,-0.1187,0.0175
AAVE/USDT,4h,age0,full,global,bos,5,ote,zero,257,126,125,0.5635,0.3730,0.4286,0.0189,0.1819,72,0.1370,0.3365,54,-0.1363,-0.0213,79,-0.0111,0.0880,47,0.0687,0.3378
AAVE/USDT,4h,age0,full,global,bos,5,ote,tight,257,126,125,0.5159,0.2937,0.4762,0.1100,0.2520,72,0.2026,0.3196,54,-0.0118,0.1630,79,0.0673,0.0865,47,0.1808,0.5267
AAVE/USDT,4h,age0,full,global,bos,5,deep,zero,257,24,24,0.3750,0.2917,0.6250,0.3842,0.6538,14,0.3182,0.5961,10,0.4764,0.7346,13,-0.1482,-0.0503,11,1.0133,1.4860
AAVE/USDT,4h,age0,full,global,bos,5,breaker,zero,109,46,46,0.6304,0.4348,0.3696,-0.1111,0.0662,26,-0.0781,0.1675,20,-0.1540,-0.0655,31,-0.0903,0.0958,15,-0.1540,0.0050
AAVE/USDT,4h,age0,full,global,choch,0,ote,zero,207,129,129,0.6202,0.3256,0.3798,0.1125,0.2027,65,0.1315,0.2626,64,0.0932,0.1418,105,0.1105,0.1895,24,0.1212,0.2605
AAVE/USDT,4h,age0,full,global,choch,0,ote,tight,207,129,129,0.5349,0.2713,0.4651,0.1417,0.2389,65,0.1165,0.2286,64,0.1673,0.2493,105,0.1181,0.2006,24,0.2452,0.4064
AAVE/USDT,4h,age0,full,global,choch,0,deep,zero,207,62,62,0.2903,0.1290,0.7097,0.0716,0.0235,33,0.2304,0.1840,29,-0.1090,-0.1592,53,0.1143,0.1088,9,-0.1798,-0.4788
AAVE/USDT,4h,age0,full,global,choch,0,breaker,zero,131,82,82,0.7073,0.4024,0.2927,-0.0027,0.1360,46,-0.0498,0.0879,36,0.0575,0.1975,67,0.0522,0.2149,15,-0.2480,-0.2163
AAVE/USDT,4h,age0,full,global,choch,5,ote,zero,58,37,37,0.6216,0.4054,0.3784,0.1151,0.2872,24,0.1959,0.3617,13,-0.0341,0.1495,22,0.0600,0.2011,15,0.1959,0.4134
AAVE/USDT,4h,age0,full,global,choch,5,ote,tight,58,37,37,0.5676,0.3243,0.4324,0.2115,0.3684,24,0.2452,0.3448,13,0.1494,0.4117,22,0.1643,0.2575,15,0.2807,0.5309
AAVE/USDT,4h,age0,full,global,choch,5,deep,zero,58,10,10,0.2000,0.1000,0.8000,-0.2618,-0.2654,6,0.2304,0.2243,4,-1.0000,-1.0000,7,-0.4727,-0.2857,3,0.2304,-0.2182
AAVE/USDT,4h,age0,full,global,choch,5,breaker,zero,29,18,18,0.6667,0.3333,0.3333,-0.0600,0.0383,11,0.0255,0.0686,7,-0.1943,-0.0093,12,0.0575,0.2562,6,-0.2950,-0.3975