scenario,group,stopRatio,takeRatio,n,totalR,avgR,wr
deep,all,-15,50,1861,286.332,0.1539,96.6
deep,15m,-15,50,547,81.928,0.1498,97.4
deep,30m,-15,50,625,94.669,0.1515,96.3
deep,1h,-15,50,689,109.735,0.1593,96.2
deep,BTC/USDT,-15,50,141,19.240,0.1365,96.5
deep,ETH/USDT,-15,50,114,18.926,0.1660,97.4
deep,SOL/USDT,-15,50,143,19.593,0.1370,95.1
deep,XRP/USDT,-15,50,141,17.903,0.1270,95.0
deep,BNB/USDT,-15,50,126,20.015,0.1589,98.4
deep,DOGE/USDT,-15,50,131,23.704,0.1809,98.5
deep,ADA/USDT,-15,50,133,17.725,0.1333,94.7
deep,AVAX/USDT,-15,50,136,25.839,0.1900,99.3
deep,LINK/USDT,-15,50,141,21.717,0.1540,96.5
deep,SUI/USDT,-15,50,122,22.028,0.1806,98.4
deep,TON/USDT,-15,50,133,18.956,0.1425,95.5
deep,NEAR/USDT,-15,50,142,19.384,0.1365,94.4
deep,APT/USDT,-15,50,135,25.086,0.1858,98.5
deep,LTC/USDT,-15,50,123,16.214,0.1318,95.1
deep,H1,-15,50,928,140.784,0.1517,95.9
deep,H2,-15,50,933,145.548,0.1560,97.3
deep,all,-15,61.8,1861,374.015,0.2010,85.2
deep,15m,-15,61.8,547,123.196,0.2252,87.9
deep,30m,-15,61.8,625,126.857,0.2030,85.3
deep,1h,-15,61.8,689,123.962,0.1799,83.0
deep,BTC/USDT,-15,61.8,141,25.785,0.1829,85.1
deep,ETH/USDT,-15,61.8,114,33.276,0.2919,91.2
deep,SOL/USDT,-15,61.8,143,30.644,0.2143,86.0
deep,XRP/USDT,-15,61.8,141,24.137,0.1712,83.7
deep,BNB/USDT,-15,61.8,126,26.764,0.2124,87.3
deep,DOGE/USDT,-15,61.8,131,17.163,0.1310,80.2
deep,ADA/USDT,-15,61.8,133,19.321,0.1453,81.2
deep,AVAX/USDT,-15,61.8,136,32.313,0.2376,87.5
deep,LINK/USDT,-15,61.8,141,22.399,0.1589,82.3
deep,SUI/USDT,-15,61.8,122,28.146,0.2307,86.9
deep,TON/USDT,-15,61.8,133,33.997,0.2556,88.7
deep,NEAR/USDT,-15,61.8,142,25.776,0.1815,83.1
deep,APT/USDT,-15,61.8,135,28.260,0.2093,85.2
deep,LTC/USDT,-15,61.8,123,26.034,0.2117,86.2
deep,H1,-15,61.8,928,186.000,0.2004,84.7
deep,H2,-15,61.8,933,188.015,0.2015,85.7
deep,all,-15,70,1861,374.338,0.2011,77.2
deep,15m,-15,70,547,128.238,0.2344,80.3
deep,30m,-15,70,625,119.613,0.1914,76.5
deep,1h,-15,70,689,126.487,0.1836,75.3
deep,BTC/USDT,-15,70,141,31.011,0.2199,79.4
deep,ETH/USDT,-15,70,114,29.816,0.2615,80.7
deep,SOL/USDT,-15,70,143,38.288,0.2677,81.1
deep,XRP/USDT,-15,70,141,22.729,0.1612,75.2
deep,BNB/USDT,-15,70,126,22.393,0.1777,77.0
deep,DOGE/USDT,-15,70,131,15.517,0.1185,71.8
deep,ADA/USDT,-15,70,133,24.616,0.1851,75.9
deep,AVAX/USDT,-15,70,136,19.826,0.1458,73.5
deep,LINK/USDT,-15,70,141,20.667,0.1466,73.8
deep,SUI/USDT,-15,70,122,33.122,0.2715,81.1
deep,TON/USDT,-15,70,133,40.820,0.3069,83.5
deep,NEAR/USDT,-15,70,142,26.123,0.1840,75.4
deep,APT/USDT,-15,70,135,24.967,0.1849,75.6
deep,LTC/USDT,-15,70,123,24.443,0.1987,77.2
deep,H1,-15,70,928,175.809,0.1894,76.0
deep,H2,-15,70,933,198.529,0.2128,78.3
deep,all,-15,78.6,1861,325.511,0.1749,68.7
deep,15m,-15,78.6,547,108.998,0.1993,71.1
deep,30m,-15,78.6,625,127.062,0.2033,70.2
deep,1h,-15,78.6,689,89.451,0.1298,65.5
deep,BTC/USDT,-15,78.6,141,33.055,0.2344,73.0
deep,ETH/USDT,-15,78.6,114,28.642,0.2512,72.8
deep,SOL/USDT,-15,78.6,143,31.908,0.2231,71.3
deep,XRP/USDT,-15,78.6,141,20.174,0.1431,67.4
deep,BNB/USDT,-15,78.6,126,12.657,0.1005,65.9
deep,DOGE/USDT,-15,78.6,131,9.257,0.0707,62.6
deep,ADA/USDT,-15,78.6,133,12.218,0.0919,63.9
deep,AVAX/USDT,-15,78.6,136,16.307,0.1199,65.4
deep,LINK/USDT,-15,78.6,141,30.378,0.2154,70.9
deep,SUI/USDT,-15,78.6,122,31.229,0.2560,73.0
deep,TON/USDT,-15,78.6,133,37.379,0.2810,74.4
deep,NEAR/USDT,-15,78.6,142,20.307,0.1430,66.2
deep,APT/USDT,-15,78.6,135,16.503,0.1222,65.2
deep,LTC/USDT,-15,78.6,123,25.498,0.2073,70.7
deep,H1,-15,78.6,928,152.730,0.1646,67.7
deep,H2,-15,78.6,933,172.781,0.1852,69.8
deep,all,-15,88.6,1861,288.666,0.1551,61.2
deep,15m,-15,88.6,547,88.327,0.1615,62.5
deep,30m,-15,88.6,625,116.589,0.1865,62.7
deep,1h,-15,88.6,689,83.750,0.1216,58.8
deep,BTC/USDT,-15,88.6,141,30.424,0.2158,65.2
deep,ETH/USDT,-15,88.6,114,18.553,0.1627,61.4
deep,SOL/USDT,-15,88.6,143,37.239,0.2604,66.4
deep,XRP/USDT,-15,88.6,141,20.218,0.1434,61.0
deep,BNB/USDT,-15,88.6,126,16.091,0.1277,61.1
deep,DOGE/USDT,-15,88.6,131,0.883,0.0067,53.4
deep,ADA/USDT,-15,88.6,133,8.472,0.0637,56.4
deep,AVAX/USDT,-15,88.6,136,11.278,0.0829,57.4
deep,LINK/USDT,-15,88.6,141,29.432,0.2087,63.8
deep,SUI/USDT,-15,88.6,122,18.329,0.1502,60.7
deep,TON/USDT,-15,88.6,133,36.172,0.2720,66.9
deep,NEAR/USDT,-15,88.6,142,14.352,0.1011,57.7
deep,APT/USDT,-15,88.6,135,19.219,0.1424,60.0
deep,LTC/USDT,-15,88.6,123,28.003,0.2277,65.0
deep,H1,-15,88.6,928,122.848,0.1324,59.6
deep,H2,-15,88.6,933,165.819,0.1777,62.8
deep,all,-15,100,1861,286.522,0.1540,55.2
deep,15m,-15,100,547,88.241,0.1613,56.5
deep,30m,-15,100,625,115.127,0.1842,56.5
deep,1h,-15,100,689,83.153,0.1207,53.0
deep,BTC/USDT,-15,100,141,34.630,0.2456,60.3
deep,ETH/USDT,-15,100,114,16.073,0.1410,54.4
deep,SOL/USDT,-15,100,143,31.187,0.2181,58.0
deep,XRP/USDT,-15,100,141,18.687,0.1325,54.6
deep,BNB/USDT,-15,100,126,17.019,0.1351,55.6
deep,DOGE/USDT,-15,100,131,7.153,0.0546,50.4
deep,ADA/USDT,-15,100,133,11.401,0.0857,51.9
deep,AVAX/USDT,-15,100,136,8.191,0.0602,50.7
deep,LINK/USDT,-15,100,141,22.380,0.1587,55.3
deep,SUI/USDT,-15,100,122,18.986,0.1556,54.9
deep,TON/USDT,-15,100,133,33.213,0.2497,59.4
deep,NEAR/USDT,-15,100,142,23.189,0.1633,54.9
deep,APT/USDT,-15,100,135,19.101,0.1415,54.1
deep,LTC/USDT,-15,100,123,25.312,0.2058,57.7
deep,H1,-15,100,928,132.023,0.1423,54.2
deep,H2,-15,100,933,154.499,0.1656,56.2
deep,all,-15,120,1861,248.281,0.1334,46.3
deep,15m,-15,120,547,54.287,0.0992,45.9
deep,30m,-15,120,625,114.350,0.1830,48.2
deep,1h,-15,120,689,79.643,0.1156,45.0
deep,BTC/USDT,-15,120,141,40.719,0.2888,53.2
deep,ETH/USDT,-15,120,114,18.723,0.1642,47.4
deep,SOL/USDT,-15,120,143,28.918,0.2022,49.0
deep,XRP/USDT,-15,120,141,16.731,0.1187,46.1
deep,BNB/USDT,-15,120,126,17.450,0.1385,47.6
deep,DOGE/USDT,-15,120,131,11.328,0.0865,44.3
deep,ADA/USDT,-15,120,133,11.679,0.0878,44.4
deep,AVAX/USDT,-15,120,136,-1.897,-0.0140,40.4
deep,LINK/USDT,-15,120,141,20.859,0.1479,46.8
deep,SUI/USDT,-15,120,122,15.930,0.1306,45.9
deep,TON/USDT,-15,120,133,21.846,0.1643,47.4
deep,NEAR/USDT,-15,120,142,11.581,0.0816,43.7
deep,APT/USDT,-15,120,135,2.972,0.0220,41.5
deep,LTC/USDT,-15,120,123,31.441,0.2556,51.2
deep,H1,-15,120,928,118.565,0.1278,45.7
deep,H2,-15,120,933,129.716,0.1390,46.9
deep,all,-15,141,1861,265.065,0.1424,40.5
deep,15m,-15,141,547,45.792,0.0837,39.3
deep,30m,-15,141,625,126.569,0.2025,42.4
deep,1h,-15,141,689,92.704,0.1345,39.6
deep,BTC/USDT,-15,141,141,52.375,0.3715,48.9
deep,ETH/USDT,-15,141,114,13.426,0.1178,39.5
deep,SOL/USDT,-15,141,143,32.699,0.2287,43.4
deep,XRP/USDT,-15,141,141,3.952,0.0280,36.9
deep,BNB/USDT,-15,141,126,25.990,0.2063,43.7
deep,DOGE/USDT,-15,141,131,13.483,0.1029,38.9
deep,ADA/USDT,-15,141,133,25.985,0.1954,42.1
deep,AVAX/USDT,-15,141,136,-0.845,-0.0062,35.3
deep,LINK/USDT,-15,141,141,26.212,0.1859,41.8
deep,SUI/USDT,-15,141,122,17.319,0.1420,40.2
deep,TON/USDT,-15,141,133,17.058,0.1283,39.8
deep,NEAR/USDT,-15,141,142,6.536,0.0460,36.6
deep,APT/USDT,-15,141,135,-1.483,-0.0110,34.8
deep,LTC/USDT,-15,141,123,32.359,0.2631,44.7
deep,H1,-15,141,928,129.260,0.1393,40.0
deep,H2,-15,141,933,135.805,0.1456,40.9
deep,all,-15,161,1861,240.730,0.1294,35.5
deep,15m,-15,161,547,29.113,0.0532,34.0
deep,30m,-15,161,625,122.873,0.1966,37.4
deep,1h,-15,161,689,88.744,0.1288,35.0
deep,BTC/USDT,-15,161,141,48.002,0.3404,42.6
deep,ETH/USDT,-15,161,114,16.900,0.1482,36.0
deep,SOL/USDT,-15,161,143,36.051,0.2521,39.2
deep,XRP/USDT,-15,161,141,10.036,0.0712,34.0
deep,BNB/USDT,-15,161,126,19.846,0.1575,37.3
deep,DOGE/USDT,-15,161,131,19.325,0.1475,35.9
deep,ADA/USDT,-15,161,133,16.897,0.1270,35.3
deep,AVAX/USDT,-15,161,136,0.542,0.0040,31.6
deep,LINK/USDT,-15,161,141,35.095,0.2489,39.0
deep,SUI/USDT,-15,161,122,9.049,0.0742,33.6
deep,TON/USDT,-15,161,133,16.990,0.1277,35.3
deep,NEAR/USDT,-15,161,142,-0.501,-0.0035,31.0
deep,APT/USDT,-15,161,135,-7.104,-0.0526,29.6
deep,LTC/USDT,-15,161,123,19.601,0.1594,36.6
deep,H1,-15,161,928,108.726,0.1172,34.8
deep,H2,-15,161,933,132.004,0.1415,36.2
deep,all,-15,200,1861,248.775,0.1337,29.2
deep,15m,-15,200,547,55.201,0.1009,29.1
deep,30m,-15,200,625,123.188,0.1971,30.7
deep,1h,-15,200,689,70.386,0.1022,28.0
deep,BTC/USDT,-15,200,141,30.525,0.2165,31.9
deep,ETH/USDT,-15,200,114,18.448,0.1618,29.8
deep,SOL/USDT,-15,200,143,40.540,0.2835,32.9
deep,XRP/USDT,-15,200,141,8.649,0.0613,27.7
deep,BNB/USDT,-15,200,126,21.642,0.1718,31.0
deep,DOGE/USDT,-15,200,131,29.374,0.2242,31.3
deep,ADA/USDT,-15,200,133,26.894,0.2022,30.8
deep,AVAX/USDT,-15,200,136,15.825,0.1164,28.7
deep,LINK/USDT,-15,200,141,42.813,0.3036,33.3
deep,SUI/USDT,-15,200,122,-5.755,-0.0472,24.6
deep,TON/USDT,-15,200,133,14.870,0.1118,28.6
deep,NEAR/USDT,-15,200,142,7.416,0.0522,26.8
deep,APT/USDT,-15,200,135,-22.457,-0.1663,21.5
deep,LTC/USDT,-15,200,123,19.992,0.1625,30.1
deep,H1,-15,200,928,81.112,0.0874,27.8
deep,H2,-15,200,933,167.663,0.1797,30.7
deep,all,-15,241,1861,309.837,0.1665,25.3
deep,15m,-15,241,547,66.140,0.1209,24.9
deep,30m,-15,241,625,164.607,0.2634,27.2
deep,1h,-15,241,689,79.090,0.1148,23.8
deep,BTC/USDT,-15,241,141,55.527,0.3938,30.5
deep,ETH/USDT,-15,241,114,39.812,0.3492,28.9
deep,SOL/USDT,-15,241,143,28.439,0.1989,25.9
deep,XRP/USDT,-15,241,141,9.566,0.0678,23.4
deep,BNB/USDT,-15,241,126,27.415,0.2176,27.0
deep,DOGE/USDT,-15,241,131,36.856,0.2813,27.5
deep,ADA/USDT,-15,241,133,29.475,0.2216,26.3
deep,AVAX/USDT,-15,241,136,36.170,0.2660,27.2
deep,LINK/USDT,-15,241,141,59.724,0.4236,30.5
deep,SUI/USDT,-15,241,122,-11.678,-0.0957,19.7
deep,TON/USDT,-15,241,133,-4.272,-0.0321,21.1
deep,NEAR/USDT,-15,241,142,12.508,0.0881,23.2
deep,APT/USDT,-15,241,135,-14.610,-0.1082,19.3
deep,LTC/USDT,-15,241,123,4.906,0.0399,22.8
deep,H1,-15,241,928,130.084,0.1402,24.5
deep,H2,-15,241,933,179.752,0.1927,26.0
deep,all,0,50,1861,379.745,0.2041,94.9
deep,15m,0,50,547,109.662,0.2005,96.2
deep,30m,0,50,625,124.347,0.1990,94.4
deep,1h,0,50,689,145.736,0.2115,94.3
deep,BTC/USDT,0,50,141,25.983,0.1843,95.0
deep,ETH/USDT,0,50,114,27.535,0.2415,97.4
deep,SOL/USDT,0,50,143,28.557,0.1997,94.4
deep,XRP/USDT,0,50,141,26.341,0.1868,94.3
deep,BNB/USDT,0,50,126,23.105,0.1834,95.2
deep,DOGE/USDT,0,50,131,31.098,0.2374,96.9
deep,ADA/USDT,0,50,133,23.240,0.1747,92.5
deep,AVAX/USDT,0,50,136,32.388,0.2381,97.1
deep,LINK/USDT,0,50,141,26.651,0.1890,93.6
deep,SUI/USDT,0,50,122,28.666,0.2350,96.7
deep,TON/USDT,0,50,133,20.756,0.1561,91.0
deep,NEAR/USDT,0,50,142,27.440,0.1932,93.0
deep,APT/USDT,0,50,135,33.049,0.2448,97.0
deep,LTC/USDT,0,50,123,24.936,0.2027,95.1
deep,H1,0,50,928,182.731,0.1969,93.6
deep,H2,0,50,933,197.014,0.2112,96.1
deep,all,0,61.8,1861,525.504,0.2824,81.9
deep,15m,0,61.8,547,163.826,0.2995,84.3
deep,30m,0,61.8,625,180.830,0.2893,82.2
deep,1h,0,61.8,689,180.848,0.2625,79.7
deep,BTC/USDT,0,61.8,141,39.111,0.2774,83.0
deep,ETH/USDT,0,61.8,114,48.599,0.4263,90.4
deep,SOL/USDT,0,61.8,143,43.753,0.3060,83.2
deep,XRP/USDT,0,61.8,141,39.328,0.2789,82.3
deep,BNB/USDT,0,61.8,126,31.647,0.2512,81.7
deep,DOGE/USDT,0,61.8,131,30.791,0.2350,78.6
deep,ADA/USDT,0,61.8,133,23.307,0.1752,75.2
deep,AVAX/USDT,0,61.8,136,45.058,0.3313,84.6
deep,LINK/USDT,0,61.8,141,32.655,0.2316,78.7
deep,SUI/USDT,0,61.8,122,42.062,0.3448,85.2
deep,TON/USDT,0,61.8,133,36.772,0.2765,81.2
deep,NEAR/USDT,0,61.8,142,32.173,0.2266,77.5
deep,APT/USDT,0,61.8,135,40.619,0.3009,82.2
deep,LTC/USDT,0,61.8,123,39.628,0.3222,84.6
deep,H1,0,61.8,928,255.114,0.2749,80.8
deep,H2,0,61.8,933,270.390,0.2898,83.0
deep,all,0,70,1861,522.858,0.2810,72.4
deep,15m,0,70,547,166.001,0.3035,75.0
deep,30m,0,70,625,175.147,0.2802,72.3
deep,1h,0,70,689,181.711,0.2637,70.5
deep,BTC/USDT,0,70,141,41.425,0.2938,74.5
deep,ETH/USDT,0,70,114,48.278,0.4235,79.8
deep,SOL/USDT,0,70,143,54.382,0.3803,77.6
deep,XRP/USDT,0,70,141,39.704,0.2816,73.0
deep,BNB/USDT,0,70,126,21.645,0.1718,68.3
deep,DOGE/USDT,0,70,131,28.565,0.2180,68.7
deep,ADA/USDT,0,70,133,28.007,0.2106,68.4
deep,AVAX/USDT,0,70,136,30.570,0.2248,69.1
deep,LINK/USDT,0,70,141,28.302,0.2007,68.1
deep,SUI/USDT,0,70,122,49.425,0.4051,78.7
deep,TON/USDT,0,70,133,45.007,0.3384,75.2
deep,NEAR/USDT,0,70,142,31.559,0.2222,68.3
deep,APT/USDT,0,70,135,38.416,0.2846,71.9
deep,LTC/USDT,0,70,123,37.574,0.3055,74.0
deep,H1,0,70,928,242.710,0.2615,70.8
deep,H2,0,70,933,280.149,0.3003,74.1
deep,all,0,78.6,1861,473.257,0.2543,63.4
deep,15m,0,78.6,547,143.832,0.2629,65.1
deep,30m,0,78.6,625,180.102,0.2882,65.0
deep,1h,0,78.6,689,149.324,0.2167,60.7
deep,BTC/USDT,0,78.6,141,48.163,0.3416,68.8
deep,ETH/USDT,0,78.6,114,49.952,0.4382,71.9
deep,SOL/USDT,0,78.6,143,47.753,0.3339,67.1
deep,XRP/USDT,0,78.6,141,33.360,0.2366,63.1
deep,BNB/USDT,0,78.6,126,4.770,0.0379,54.8
deep,DOGE/USDT,0,78.6,131,21.556,0.1645,58.8
deep,ADA/USDT,0,78.6,133,14.854,0.1117,56.4
deep,AVAX/USDT,0,78.6,136,26.547,0.1952,60.3
deep,LINK/USDT,0,78.6,141,43.668,0.3097,66.0
deep,SUI/USDT,0,78.6,122,45.815,0.3755,68.9
deep,TON/USDT,0,78.6,133,42.422,0.3190,66.2
deep,NEAR/USDT,0,78.6,142,22.141,0.1559,57.7
deep,APT/USDT,0,78.6,135,30.977,0.2295,61.5
deep,LTC/USDT,0,78.6,123,41.282,0.3356,67.5
deep,H1,0,78.6,928,229.871,0.2477,62.5
deep,H2,0,78.6,933,243.386,0.2609,64.3
deep,all,0,88.6,1861,415.637,0.2233,55.1
deep,15m,0,88.6,547,117.728,0.2152,55.9
deep,30m,0,88.6,625,168.319,0.2693,57.0
deep,1h,0,88.6,689,129.590,0.1881,52.7
deep,BTC/USDT,0,88.6,141,47.249,0.3351,61.0
deep,ETH/USDT,0,88.6,114,38.394,0.3368,59.6
deep,SOL/USDT,0,88.6,143,56.356,0.3941,62.2
deep,XRP/USDT,0,88.6,141,30.581,0.2169,55.3
deep,BNB/USDT,0,88.6,126,5.920,0.0470,49.2
deep,DOGE/USDT,0,88.6,131,15.625,0.1193,50.4
deep,ADA/USDT,0,88.6,133,13.312,0.1001,49.6
deep,AVAX/USDT,0,88.6,136,22.036,0.1620,52.2
deep,LINK/USDT,0,88.6,141,42.106,0.2986,58.2
deep,SUI/USDT,0,88.6,122,30.025,0.2461,55.7
deep,TON/USDT,0,88.6,133,37.054,0.2786,57.1
deep,NEAR/USDT,0,88.6,142,10.711,0.0754,47.9
deep,APT/USDT,0,88.6,135,31.568,0.2338,54.8
deep,LTC/USDT,0,88.6,123,34.698,0.2821,57.7
deep,H1,0,88.6,928,181.474,0.1956,53.3
deep,H2,0,88.6,933,234.164,0.2510,56.8
deep,all,0,100,1861,395.951,0.2128,48.5
deep,15m,0,100,547,109.143,0.1995,49.2
deep,30m,0,100,625,152.266,0.2436,49.6
deep,1h,0,100,689,134.542,0.1953,47.0
deep,BTC/USDT,0,100,141,54.066,0.3834,56.0
deep,ETH/USDT,0,100,114,37.485,0.3288,52.6
deep,SOL/USDT,0,100,143,48.175,0.3369,53.1
deep,XRP/USDT,0,100,141,26.960,0.1912,48.2
deep,BNB/USDT,0,100,126,8.162,0.0648,44.4
deep,DOGE/USDT,0,100,131,24.734,0.1888,47.3
deep,ADA/USDT,0,100,133,11.662,0.0877,43.6
deep,AVAX/USDT,0,100,136,19.208,0.1412,45.6
deep,LINK/USDT,0,100,141,37.245,0.2642,50.4
deep,SUI/USDT,0,100,122,31.897,0.2615,50.0
deep,TON/USDT,0,100,133,35.635,0.2679,50.4
deep,NEAR/USDT,0,100,142,20.405,0.1437,45.1
deep,APT/USDT,0,100,135,24.499,0.1815,46.7
deep,LTC/USDT,0,100,123,15.816,0.1286,45.5
deep,H1,0,100,928,193.901,0.2089,47.8
deep,H2,0,100,933,202.050,0.2166,49.2
deep,all,0,120,1861,383.898,0.2063,40.4
deep,15m,0,120,547,73.356,0.1341,39.1
deep,30m,0,120,625,164.979,0.2640,42.1
deep,1h,0,120,689,145.562,0.2113,39.8
deep,BTC/USDT,0,120,141,60.141,0.4265,48.2
deep,ETH/USDT,0,120,114,43.269,0.3796,45.6
deep,SOL/USDT,0,120,143,49.767,0.3480,44.8
deep,XRP/USDT,0,120,141,33.882,0.2403,41.8
deep,BNB/USDT,0,120,126,11.685,0.0927,38.1
deep,DOGE/USDT,0,120,131,31.638,0.2415,41.2
deep,ADA/USDT,0,120,133,7.020,0.0528,35.3
deep,AVAX/USDT,0,120,136,10.093,0.0742,36.0
deep,LINK/USDT,0,120,141,45.815,0.3249,44.0
deep,SUI/USDT,0,120,122,28.821,0.2362,41.0
deep,TON/USDT,0,120,133,32.485,0.2443,41.4
deep,NEAR/USDT,0,120,142,6.350,0.0447,34.5
deep,APT/USDT,0,120,135,6.587,0.0488,34.8
deep,LTC/USDT,0,120,123,16.345,0.1329,38.2
deep,H1,0,120,928,203.871,0.2197,40.3
deep,H2,0,120,933,180.027,0.1930,40.4
deep,all,0,141,1861,370.272,0.1990,34.2
deep,15m,0,141,547,51.389,0.0939,32.4
deep,30m,0,141,625,190.093,0.3041,37.0
deep,1h,0,141,689,128.790,0.1869,33.2
deep,BTC/USDT,0,141,141,59.713,0.4235,41.1
deep,ETH/USDT,0,141,114,42.047,0.3688,38.6
deep,SOL/USDT,0,141,143,54.927,0.3841,39.2
deep,XRP/USDT,0,141,141,17.891,0.1269,32.6
deep,BNB/USDT,0,141,126,22.697,0.1801,34.9
deep,DOGE/USDT,0,141,131,24.037,0.1835,33.6
deep,ADA/USDT,0,141,133,17.765,0.1336,32.3
deep,AVAX/USDT,0,141,136,18.459,0.1357,32.4
deep,LINK/USDT,0,141,141,42.564,0.3019,36.9
deep,SUI/USDT,0,141,122,30.205,0.2476,35.2
deep,TON/USDT,0,141,133,29.046,0.2184,34.6
deep,NEAR/USDT,0,141,142,3.557,0.0251,28.9
deep,APT/USDT,0,141,135,-4.732,-0.0350,27.4
deep,LTC/USDT,0,141,123,12.096,0.0983,31.7
deep,H1,0,141,928,204.690,0.2206,34.4
deep,H2,0,141,933,165.582,0.1775,34.1
deep,all,0,161,1861,350.035,0.1881,29.8
deep,15m,0,161,547,45.208,0.0826,28.2
deep,30m,0,161,625,183.524,0.2936,32.2
deep,1h,0,161,689,121.303,0.1761,28.9
deep,BTC/USDT,0,161,141,51.399,0.3645,34.8
deep,ETH/USDT,0,161,114,39.439,0.3460,33.3
deep,SOL/USDT,0,161,143,58.812,0.4113,35.0
deep,XRP/USDT,0,161,141,24.793,0.1758,29.8
deep,BNB/USDT,0,161,126,11.522,0.0914,28.6
deep,DOGE/USDT,0,161,131,30.078,0.2296,30.5
deep,ADA/USDT,0,161,133,6.107,0.0459,26.3
deep,AVAX/USDT,0,161,136,20.260,0.1490,28.7
deep,LINK/USDT,0,161,141,57.077,0.4048,34.8
deep,SUI/USDT,0,161,122,27.229,0.2232,30.3
deep,TON/USDT,0,161,133,40.423,0.3039,32.3
deep,NEAR/USDT,0,161,142,-4.625,-0.0326,23.9
deep,APT/USDT,0,161,135,-6.555,-0.0486,23.7
deep,LTC/USDT,0,161,123,-5.925,-0.0482,24.4
deep,H1,0,161,928,180.524,0.1945,29.5
deep,H2,0,161,933,169.511,0.1817,30.0
deep,all,0,200,1861,382.745,0.2057,24.3
deep,15m,0,200,547,96.607,0.1766,24.5
deep,30m,0,200,625,198.529,0.3176,26.4
deep,1h,0,200,689,87.609,0.1272,22.4
deep,BTC/USDT,0,200,141,43.011,0.3050,27.0
deep,ETH/USDT,0,200,114,41.281,0.3621,27.2
deep,SOL/USDT,0,200,143,72.997,0.5105,30.1
deep,XRP/USDT,0,200,141,20.269,0.1438,23.4
deep,BNB/USDT,0,200,126,11.233,0.0891,23.0
deep,DOGE/USDT,0,200,131,44.539,0.3400,26.7
deep,ADA/USDT,0,200,133,26.026,0.1957,24.1
deep,AVAX/USDT,0,200,136,39.030,0.2870,25.7
deep,LINK/USDT,0,200,141,59.580,0.4226,28.4
deep,SUI/USDT,0,200,122,12.258,0.1005,22.1
deep,TON/USDT,0,200,133,36.919,0.2776,25.6
deep,NEAR/USDT,0,200,142,3.810,0.0268,20.4
deep,APT/USDT,0,200,135,-31.787,-0.2355,15.6
deep,LTC/USDT,0,200,123,3.580,0.0291,21.1
deep,H1,0,200,928,165.178,0.1780,23.5
deep,H2,0,200,933,217.567,0.2332,25.2
deep,all,0,241,1861,469.160,0.2521,21.0
deep,15m,0,241,547,119.570,0.2186,21.0
deep,30m,0,241,625,248.701,0.3979,23.2
deep,1h,0,241,689,100.890,0.1464,18.9
deep,BTC/USDT,0,241,141,71.105,0.5043,25.5
deep,ETH/USDT,0,241,114,61.866,0.5427,25.4
deep,SOL/USDT,0,241,143,55.778,0.3901,23.1
deep,XRP/USDT,0,241,141,23.847,0.1691,19.9
deep,BNB/USDT,0,241,126,23.296,0.1849,20.6
deep,DOGE/USDT,0,241,131,56.797,0.4336,23.7
deep,ADA/USDT,0,241,133,28.680,0.2156,20.3
deep,AVAX/USDT,0,241,136,70.245,0.5165,25.0
deep,LINK/USDT,0,241,141,83.507,0.5922,26.2
deep,SUI/USDT,0,241,122,3.206,0.0263,17.2
deep,TON/USDT,0,241,133,16.214,0.1219,18.8
deep,NEAR/USDT,0,241,142,3.207,0.0226,16.9
deep,APT/USDT,0,241,135,-21.934,-0.1625,14.1
deep,LTC/USDT,0,241,123,-6.653,-0.0541,16.3
deep,H1,0,241,928,221.700,0.2389,20.5
deep,H2,0,241,933,247.461,0.2652,21.4
deep,all,15,50,1861,449.640,0.2416,86.9
deep,15m,15,50,547,108.394,0.1982,86.7
deep,30m,15,50,625,143.250,0.2292,85.9
deep,1h,15,50,689,197.997,0.2874,88.1
deep,BTC/USDT,15,50,141,22.025,0.1562,84.4
deep,ETH/USDT,15,50,114,30.774,0.2700,88.6
deep,SOL/USDT,15,50,143,33.125,0.2316,86.0
deep,XRP/USDT,15,50,141,34.095,0.2418,87.9
deep,BNB/USDT,15,50,126,23.838,0.1892,86.5
deep,DOGE/USDT,15,50,131,33.197,0.2534,87.0
deep,ADA/USDT,15,50,133,30.588,0.2300,85.7
deep,AVAX/USDT,15,50,136,36.979,0.2719,88.2
deep,LINK/USDT,15,50,141,32.328,0.2293,85.8
deep,SUI/USDT,15,50,122,32.494,0.2663,87.7
deep,TON/USDT,15,50,133,24.233,0.1822,82.7
deep,NEAR/USDT,15,50,142,36.139,0.2545,85.9
deep,APT/USDT,15,50,135,50.774,0.3761,94.1
deep,LTC/USDT,15,50,123,29.051,0.2362,87.0
deep,H1,15,50,928,241.114,0.2598,87.0
deep,H2,15,50,933,208.526,0.2235,86.9
deep,all,15,61.8,1861,665.492,0.3576,71.2
deep,15m,15,61.8,547,189.893,0.3472,72.8
deep,30m,15,61.8,625,227.644,0.3642,71.4
deep,1h,15,61.8,689,247.955,0.3599,69.8
deep,BTC/USDT,15,61.8,141,36.313,0.2575,68.8
deep,ETH/USDT,15,61.8,114,57.408,0.5036,78.1
deep,SOL/USDT,15,61.8,143,47.964,0.3354,69.9
deep,XRP/USDT,15,61.8,141,61.859,0.4387,75.9
deep,BNB/USDT,15,61.8,126,37.081,0.2943,70.6
deep,DOGE/USDT,15,61.8,131,43.635,0.3331,69.5
deep,ADA/USDT,15,61.8,133,36.835,0.2770,66.9
deep,AVAX/USDT,15,61.8,136,54.498,0.4007,72.8
deep,LINK/USDT,15,61.8,141,35.687,0.2531,66.0
deep,SUI/USDT,15,61.8,122,53.956,0.4423,74.6
deep,TON/USDT,15,61.8,133,49.399,0.3714,71.4
deep,NEAR/USDT,15,61.8,142,46.898,0.3303,68.3
deep,APT/USDT,15,61.8,135,59.770,0.4427,74.1
deep,LTC/USDT,15,61.8,123,44.188,0.3593,71.5
deep,H1,15,61.8,928,344.346,0.3711,70.9
deep,H2,15,61.8,933,321.145,0.3442,71.5
deep,all,15,70,1861,652.037,0.3504,60.6
deep,15m,15,70,547,192.438,0.3518,62.5
deep,30m,15,70,625,222.414,0.3559,60.6
deep,1h,15,70,689,237.184,0.3442,58.9
deep,BTC/USDT,15,70,141,41.319,0.2930,60.3
deep,ETH/USDT,15,70,114,57.291,0.5026,66.7
deep,SOL/USDT,15,70,143,56.586,0.3957,62.2
deep,XRP/USDT,15,70,141,60.441,0.4287,64.5
deep,BNB/USDT,15,70,126,26.630,0.2113,57.1
deep,DOGE/USDT,15,70,131,46.725,0.3567,60.3
deep,ADA/USDT,15,70,133,44.061,0.3313,59.4
deep,AVAX/USDT,15,70,136,31.362,0.2306,55.1
deep,LINK/USDT,15,70,141,27.201,0.1929,53.9
deep,SUI/USDT,15,70,122,54.579,0.4474,63.9
deep,TON/USDT,15,70,133,63.540,0.4777,65.4
deep,NEAR/USDT,15,70,142,47.277,0.3329,58.5
deep,APT/USDT,15,70,135,58.911,0.4364,63.0
deep,LTC/USDT,15,70,123,36.116,0.2936,58.5
deep,H1,15,70,928,320.556,0.3454,59.5
deep,H2,15,70,933,331.481,0.3553,61.6
deep,all,15,78.6,1861,596.098,0.3203,51.5
deep,15m,15,78.6,547,170.592,0.3119,53.0
deep,30m,15,78.6,625,224.669,0.3595,52.8
deep,1h,15,78.6,689,200.837,0.2915,49.2
deep,BTC/USDT,15,78.6,141,44.342,0.3145,53.2
deep,ETH/USDT,15,78.6,114,63.146,0.5539,59.6
deep,SOL/USDT,15,78.6,143,55.761,0.3899,53.8
deep,XRP/USDT,15,78.6,141,60.151,0.4266,56.0
deep,BNB/USDT,15,78.6,126,-1.435,-0.0114,42.1
deep,DOGE/USDT,15,78.6,131,39.640,0.3026,50.4
deep,ADA/USDT,15,78.6,133,28.189,0.2120,47.4
deep,AVAX/USDT,15,78.6,136,25.358,0.1865,46.3
deep,LINK/USDT,15,78.6,141,44.130,0.3130,51.1
deep,SUI/USDT,15,78.6,122,52.386,0.4294,54.9
deep,TON/USDT,15,78.6,133,56.625,0.4258,54.9
deep,NEAR/USDT,15,78.6,142,36.274,0.2555,47.9
deep,APT/USDT,15,78.6,135,51.214,0.3794,52.6
deep,LTC/USDT,15,78.6,123,40.317,0.3278,52.0
deep,H1,15,78.6,928,301.490,0.3249,50.9
deep,H2,15,78.6,933,294.608,0.3158,52.2
deep,all,15,88.6,1861,495.659,0.2663,43.0
deep,15m,15,88.6,547,117.837,0.2154,43.1
deep,30m,15,88.6,625,201.538,0.3225,44.6
deep,1h,15,88.6,689,176.284,0.2559,41.5
deep,BTC/USDT,15,88.6,141,33.898,0.2404,44.0
deep,ETH/USDT,15,88.6,114,50.338,0.4416,48.2
deep,SOL/USDT,15,88.6,143,66.254,0.4633,49.0
deep,XRP/USDT,15,88.6,141,51.927,0.3683,46.8
deep,BNB/USDT,15,88.6,126,-5.576,-0.0443,35.7
deep,DOGE/USDT,15,88.6,131,22.491,0.1717,39.7
deep,ADA/USDT,15,88.6,133,19.733,0.1484,39.1
deep,AVAX/USDT,15,88.6,136,16.887,0.1242,38.2
deep,LINK/USDT,15,88.6,141,42.776,0.3034,44.0
deep,SUI/USDT,15,88.6,122,42.398,0.3475,45.1
deep,TON/USDT,15,88.6,133,52.286,0.3931,46.6
deep,NEAR/USDT,15,88.6,142,26.870,0.1892,39.4
deep,APT/USDT,15,88.6,135,46.355,0.3434,44.4
deep,LTC/USDT,15,88.6,123,29.025,0.2360,42.3
deep,H1,15,88.6,928,252.769,0.2724,42.5
deep,H2,15,88.6,933,242.890,0.2603,43.6
deep,all,15,100,1861,473.300,0.2543,37.1
deep,15m,15,100,547,101.205,0.1850,36.7
deep,30m,15,100,625,204.094,0.3265,38.9
deep,1h,15,100,689,168.002,0.2438,35.7
deep,BTC/USDT,15,100,141,22.872,0.1622,36.2
deep,ETH/USDT,15,100,114,47.625,0.4178,41.2
deep,SOL/USDT,15,100,143,59.227,0.4142,41.3
deep,XRP/USDT,15,100,141,46.510,0.3299,39.7
deep,BNB/USDT,15,100,126,-6.378,-0.0506,31.0
deep,DOGE/USDT,15,100,131,33.187,0.2533,36.6
deep,ADA/USDT,15,100,133,11.588,0.0871,32.3
deep,AVAX/USDT,15,100,136,20.041,0.1474,33.8
deep,LINK/USDT,15,100,141,35.866,0.2544,36.9
deep,SUI/USDT,15,100,122,50.990,0.4179,41.0
deep,TON/USDT,15,100,133,52.856,0.3974,40.6
deep,NEAR/USDT,15,100,142,39.516,0.2783,36.6
deep,APT/USDT,15,100,135,38.741,0.2870,37.0
deep,LTC/USDT,15,100,123,20.661,0.1680,35.0
deep,H1,15,100,928,274.973,0.2963,37.5
deep,H2,15,100,933,198.327,0.2126,36.7
deep,all,15,120,1861,409.041,0.2198,29.4
deep,15m,15,120,547,14.377,0.0263,26.5
deep,30m,15,120,625,215.847,0.3454,32.0
deep,1h,15,120,689,178.818,0.2595,29.3
deep,BTC/USDT,15,120,141,24.944,0.1769,29.8
deep,ETH/USDT,15,120,114,60.613,0.5317,36.0
deep,SOL/USDT,15,120,143,45.514,0.3183,31.5
deep,XRP/USDT,15,120,141,53.418,0.3789,33.3
deep,BNB/USDT,15,120,126,-5.442,-0.0432,25.4
deep,DOGE/USDT,15,120,131,37.588,0.2869,30.5
deep,ADA/USDT,15,120,133,-1.941,-0.0146,24.1
deep,AVAX/USDT,15,120,136,-0.517,-0.0038,24.3
deep,LINK/USDT,15,120,141,52.982,0.3758,32.6
deep,SUI/USDT,15,120,122,43.552,0.3570,32.0
deep,TON/USDT,15,120,133,58.102,0.4369,33.8
deep,NEAR/USDT,15,120,142,24.910,0.1754,27.5
deep,APT/USDT,15,120,135,3.855,0.0286,24.4
deep,LTC/USDT,15,120,123,11.464,0.0932,26.8
deep,H1,15,120,928,276.733,0.2982,30.5
deep,H2,15,120,933,132.308,0.1418,28.3
deep,all,15,141,1861,414.222,0.2226,24.6
deep,15m,15,141,547,12.616,0.0231,22.1
deep,30m,15,141,625,215.450,0.3447,26.7
deep,1h,15,141,689,186.155,0.2702,24.7
deep,BTC/USDT,15,141,141,18.557,0.1316,24.1
deep,ETH/USDT,15,141,114,59.253,0.5198,29.8
deep,SOL/USDT,15,141,143,36.706,0.2567,25.2
deep,XRP/USDT,15,141,141,41.093,0.2914,26.2
deep,BNB/USDT,15,141,126,6.893,0.0547,23.0
deep,DOGE/USDT,15,141,131,35.319,0.2696,25.2
deep,ADA/USDT,15,141,133,15.944,0.1199,22.6
deep,AVAX/USDT,15,141,136,-19.972,-0.1469,17.6
deep,LINK/USDT,15,141,141,61.542,0.4365,28.4
deep,SUI/USDT,15,141,122,67.923,0.5567,30.3
deep,TON/USDT,15,141,133,54.662,0.4110,27.8
deep,NEAR/USDT,15,141,142,21.893,0.1542,22.5
deep,APT/USDT,15,141,135,6.319,0.0468,20.7
deep,LTC/USDT,15,141,123,8.092,0.0658,22.0
deep,H1,15,141,928,286.001,0.3082,25.6
deep,H2,15,141,933,128.221,0.1374,23.6
deep,all,15,161,1861,388.686,0.2089,21.1
deep,15m,15,161,547,14.197,0.0260,19.2
deep,30m,15,161,625,187.535,0.3001,22.4
deep,1h,15,161,689,186.953,0.2713,21.3
deep,BTC/USDT,15,161,141,9.653,0.0685,19.9
deep,ETH/USDT,15,161,114,50.311,0.4413,24.6
deep,SOL/USDT,15,161,143,55.078,0.3852,23.8
deep,XRP/USDT,15,161,141,47.284,0.3353,23.4
deep,BNB/USDT,15,161,126,-19.363,-0.1537,16.7
deep,DOGE/USDT,15,161,131,51.059,0.3898,23.7
deep,ADA/USDT,15,161,133,9.939,0.0747,18.8
deep,AVAX/USDT,15,161,136,-24.674,-0.1814,14.7
deep,LINK/USDT,15,161,141,70.612,0.5008,25.5
deep,SUI/USDT,15,161,122,74.420,0.6100,27.0
deep,TON/USDT,15,161,133,73.876,0.5555,26.3
deep,NEAR/USDT,15,161,142,-1.289,-0.0091,16.9
deep,APT/USDT,15,161,135,-1.174,-0.0087,17.0
deep,LTC/USDT,15,161,123,-7.048,-0.0573,17.1
deep,H1,15,161,928,288.191,0.3106,22.2
deep,H2,15,161,933,100.494,0.1077,19.9
deep,all,15,200,1861,428.760,0.2304,16.9
deep,15m,15,200,547,93.965,0.1718,17.0
deep,30m,15,200,625,213.504,0.3416,18.2
deep,1h,15,200,689,121.290,0.1760,15.7
deep,BTC/USDT,15,200,141,-8.112,-0.0575,14.2
deep,ETH/USDT,15,200,114,41.059,0.3602,18.4
deep,SOL/USDT,15,200,143,72.150,0.5045,20.3
deep,XRP/USDT,15,200,141,38.533,0.2733,17.7
deep,BNB/USDT,15,200,126,-0.175,-0.0014,15.1
deep,DOGE/USDT,15,200,131,79.114,0.6039,21.4
deep,ADA/USDT,15,200,133,35.929,0.2701,17.3
deep,AVAX/USDT,15,200,136,-15.085,-0.1109,12.5
deep,LINK/USDT,15,200,141,90.929,0.6449,22.0
deep,SUI/USDT,15,200,122,65.599,0.5377,20.5
deep,TON/USDT,15,200,133,52.441,0.3943,18.8
deep,NEAR/USDT,15,200,142,7.025,0.0495,14.1
deep,APT/USDT,15,200,135,-26.709,-0.1978,11.1
deep,LTC/USDT,15,200,123,-3.940,-0.0320,13.8
deep,H1,15,200,928,249.027,0.2683,17.0
deep,H2,15,200,933,179.732,0.1926,16.8
deep,all,15,241,1861,534.047,0.2870,14.5
deep,15m,15,241,547,100.896,0.1845,14.1
deep,30m,15,241,625,306.893,0.4910,16.5
deep,1h,15,241,689,126.258,0.1832,12.9
deep,BTC/USDT,15,241,141,7.626,0.0541,12.8
deep,ETH/USDT,15,241,114,58.574,0.5138,16.7
deep,SOL/USDT,15,241,143,64.620,0.4519,16.1
deep,XRP/USDT,15,241,141,63.181,0.4481,16.3
deep,BNB/USDT,15,241,126,3.504,0.0278,12.7
deep,DOGE/USDT,15,241,131,109.059,0.8325,19.8
deep,ADA/USDT,15,241,133,47.202,0.3549,15.0
deep,AVAX/USDT,15,241,136,5.148,0.0379,11.8
deep,LINK/USDT,15,241,141,116.377,0.8254,19.9
deep,SUI/USDT,15,241,122,51.038,0.4183,15.6
deep,TON/USDT,15,241,133,37.661,0.2832,14.3
deep,NEAR/USDT,15,241,142,3.149,0.0222,11.3
deep,APT/USDT,15,241,135,-10.048,-0.0744,10.4
deep,LTC/USDT,15,241,123,-23.044,-0.1873,9.8
deep,H1,15,241,928,351.990,0.3793,15.1
deep,H2,15,241,933,182.056,0.1951,13.8
deep,all,23.6,50,1861,338.724,0.1820,72.5
deep,15m,23.6,50,547,71.997,0.1316,73.5
deep,30m,23.6,50,625,111.278,0.1780,72.0
deep,1h,23.6,50,689,155.450,0.2256,72.1
deep,BTC/USDT,23.6,50,141,16.105,0.1142,73.0
deep,ETH/USDT,23.6,50,114,11.125,0.0976,67.5
deep,SOL/USDT,23.6,50,143,28.068,0.1963,72.7
deep,XRP/USDT,23.6,50,141,27.124,0.1924,74.5
deep,BNB/USDT,23.6,50,126,9.401,0.0746,71.4
deep,DOGE/USDT,23.6,50,131,30.233,0.2308,74.0
deep,ADA/USDT,23.6,50,133,23.268,0.1749,71.4
deep,AVAX/USDT,23.6,50,136,37.396,0.2750,76.5
deep,LINK/USDT,23.6,50,141,28.128,0.1995,73.0
deep,SUI/USDT,23.6,50,122,25.883,0.2122,73.0
deep,TON/USDT,23.6,50,133,13.709,0.1031,67.7
deep,NEAR/USDT,23.6,50,142,31.454,0.2215,71.8
deep,APT/USDT,23.6,50,135,41.950,0.3107,77.0
deep,LTC/USDT,23.6,50,123,14.880,0.1210,69.9
deep,H1,23.6,50,928,171.713,0.1850,70.9
deep,H2,23.6,50,933,167.012,0.1790,74.1
deep,all,23.6,61.8,1861,651.196,0.3499,57.0
deep,15m,23.6,61.8,547,180.072,0.3292,59.0
deep,30m,23.6,61.8,625,229.170,0.3667,57.4
deep,1h,23.6,61.8,689,241.954,0.3512,55.0
deep,BTC/USDT,23.6,61.8,141,30.542,0.2166,55.3
deep,ETH/USDT,23.6,61.8,114,51.887,0.4551,60.5
deep,SOL/USDT,23.6,61.8,143,55.079,0.3852,58.0
deep,XRP/USDT,23.6,61.8,141,66.021,0.4682,62.4
deep,BNB/USDT,23.6,61.8,126,35.007,0.2778,57.9
deep,DOGE/USDT,23.6,61.8,131,44.079,0.3365,55.7
deep,ADA/USDT,23.6,61.8,133,29.994,0.2255,51.9
deep,AVAX/USDT,23.6,61.8,136,54.168,0.3983,58.1
deep,LINK/USDT,23.6,61.8,141,38.646,0.2741,53.9
deep,SUI/USDT,23.6,61.8,122,52.175,0.4277,59.0
deep,TON/USDT,23.6,61.8,133,38.181,0.2871,54.1
deep,NEAR/USDT,23.6,61.8,142,44.315,0.3121,53.5
deep,APT/USDT,23.6,61.8,135,64.449,0.4774,60.0
deep,LTC/USDT,23.6,61.8,123,46.652,0.3793,58.5
deep,H1,23.6,61.8,928,325.132,0.3504,55.7
deep,H2,23.6,61.8,933,326.064,0.3495,58.3
deep,all,23.6,70,1861,587.948,0.3159,46.2
deep,15m,23.6,70,547,148.201,0.2709,47.3
deep,30m,23.6,70,625,201.964,0.3231,46.2
deep,1h,23.6,70,689,237.784,0.3451,45.3
deep,BTC/USDT,23.6,70,141,38.144,0.2705,47.5
deep,ETH/USDT,23.6,70,114,41.524,0.3642,47.4
deep,SOL/USDT,23.6,70,143,55.995,0.3916,48.3
deep,XRP/USDT,23.6,70,141,62.445,0.4429,51.1
deep,BNB/USDT,23.6,70,126,26.146,0.2075,46.0
deep,DOGE/USDT,23.6,70,131,45.931,0.3506,46.6
deep,ADA/USDT,23.6,70,133,23.129,0.1739,41.4
deep,AVAX/USDT,23.6,70,136,16.662,0.1225,39.7
deep,LINK/USDT,23.6,70,141,15.742,0.1116,39.7
deep,SUI/USDT,23.6,70,122,60.052,0.4922,50.8
deep,TON/USDT,23.6,70,133,42.589,0.3202,45.9
deep,NEAR/USDT,23.6,70,142,47.955,0.3377,45.1
deep,APT/USDT,23.6,70,135,71.033,0.5262,51.1
deep,LTC/USDT,23.6,70,123,40.602,0.3301,47.2
deep,H1,23.6,70,928,296.754,0.3198,45.2
deep,H2,23.6,70,933,291.194,0.3121,47.3
deep,all,23.6,78.6,1861,518.392,0.2786,38.3
deep,15m,23.6,78.6,547,130.019,0.2377,39.5
deep,30m,23.6,78.6,625,197.251,0.3156,39.0
deep,1h,23.6,78.6,689,191.122,0.2774,36.6
deep,BTC/USDT,23.6,78.6,141,42.071,0.2984,41.1
deep,ETH/USDT,23.6,78.6,114,46.432,0.4073,41.2
deep,SOL/USDT,23.6,78.6,143,57.751,0.4039,41.3
deep,XRP/USDT,23.6,78.6,141,61.619,0.4370,43.3
deep,BNB/USDT,23.6,78.6,126,-7.558,-0.0600,32.5
deep,DOGE/USDT,23.6,78.6,131,39.495,0.3015,38.2
deep,ADA/USDT,23.6,78.6,133,4.725,0.0355,31.6
deep,AVAX/USDT,23.6,78.6,136,-2.044,-0.0150,30.1
deep,LINK/USDT,23.6,78.6,141,33.318,0.2363,36.9
deep,SUI/USDT,23.6,78.6,122,49.872,0.4088,41.0
deep,TON/USDT,23.6,78.6,133,28.456,0.2140,36.1
deep,NEAR/USDT,23.6,78.6,142,47.434,0.3340,38.0
deep,APT/USDT,23.6,78.6,135,69.210,0.5127,43.0
deep,LTC/USDT,23.6,78.6,123,47.612,0.3871,41.5
deep,H1,23.6,78.6,928,270.074,0.2910,37.5
deep,H2,23.6,78.6,933,248.318,0.2662,39.0
deep,all,23.6,88.6,1861,424.187,0.2279,31.4
deep,15m,23.6,88.6,547,82.816,0.1514,31.8
deep,30m,23.6,88.6,625,186.106,0.2978,32.8
deep,1h,23.6,88.6,689,155.265,0.2253,29.9
deep,BTC/USDT,23.6,88.6,141,21.448,0.1521,31.9
deep,ETH/USDT,23.6,88.6,114,42.103,0.3693,34.2
deep,SOL/USDT,23.6,88.6,143,70.764,0.4949,37.1
deep,XRP/USDT,23.6,88.6,141,52.994,0.3758,35.5
deep,BNB/USDT,23.6,88.6,126,-17.592,-0.1396,26.2
deep,DOGE/USDT,23.6,88.6,131,14.294,0.1091,28.2
deep,ADA/USDT,23.6,88.6,133,1.500,0.0113,26.3
deep,AVAX/USDT,23.6,88.6,136,-5.846,-0.0430,25.0
deep,LINK/USDT,23.6,88.6,141,27.871,0.1977,30.5
deep,SUI/USDT,23.6,88.6,122,47.659,0.3906,34.4
deep,TON/USDT,23.6,88.6,133,29.339,0.2206,30.8
deep,NEAR/USDT,23.6,88.6,142,39.124,0.2755,31.0
deep,APT/USDT,23.6,88.6,135,63.536,0.4706,35.6
deep,LTC/USDT,23.6,88.6,123,36.993,0.3008,33.3
deep,H1,23.6,88.6,928,226.029,0.2436,30.8
deep,H2,23.6,88.6,933,198.159,0.2124,32.0
deep,all,23.6,100,1861,376.662,0.2024,26.4
deep,15m,23.6,100,547,50.205,0.0918,26.1
deep,30m,23.6,100,625,175.236,0.2804,27.7
deep,1h,23.6,100,689,151.221,0.2195,25.4
deep,BTC/USDT,23.6,100,141,2.612,0.0185,24.8
deep,ETH/USDT,23.6,100,114,35.287,0.3095,28.1
deep,SOL/USDT,23.6,100,143,69.047,0.4828,31.5
deep,XRP/USDT,23.6,100,141,37.811,0.2682,28.4
deep,BNB/USDT,23.6,100,126,-13.753,-0.1092,23.0
deep,DOGE/USDT,23.6,100,131,21.934,0.1674,25.2
deep,ADA/USDT,23.6,100,133,-3.421,-0.0257,21.8
deep,AVAX/USDT,23.6,100,136,-11.355,-0.0835,20.6
deep,LINK/USDT,23.6,100,141,18.598,0.1319,24.8
deep,SUI/USDT,23.6,100,122,54.045,0.4430,30.3
deep,TON/USDT,23.6,100,133,29.272,0.2201,26.3
deep,NEAR/USDT,23.6,100,142,57.548,0.4053,28.9
deep,APT/USDT,23.6,100,135,47.894,0.3548,28.1
deep,LTC/USDT,23.6,100,123,31.142,0.2532,27.6
deep,H1,23.6,100,928,209.461,0.2257,26.0
deep,H2,23.6,100,933,167.201,0.1792,26.8
deep,all,23.6,120,1861,234.329,0.1259,19.9
deep,15m,23.6,120,547,-72.740,-0.1330,17.6
deep,30m,23.6,120,625,163.344,0.2614,21.8
deep,1h,23.6,120,689,143.725,0.2086,20.0
deep,BTC/USDT,23.6,120,141,9.873,0.0700,20.6
deep,ETH/USDT,23.6,120,114,45.605,0.4000,23.7
deep,SOL/USDT,23.6,120,143,22.824,0.1596,20.3
deep,XRP/USDT,23.6,120,141,38.854,0.2756,22.7
deep,BNB/USDT,23.6,120,126,-28.504,-0.2262,16.7
deep,DOGE/USDT,23.6,120,131,26.575,0.2029,20.6
deep,ADA/USDT,23.6,120,133,-24.325,-0.1829,15.0
deep,AVAX/USDT,23.6,120,136,-40.456,-0.2975,13.2
deep,LINK/USDT,23.6,120,141,46.389,0.3290,22.7
deep,SUI/USDT,23.6,120,122,44.198,0.3623,23.0
deep,TON/USDT,23.6,120,133,30.211,0.2272,21.1
deep,NEAR/USDT,23.6,120,142,33.558,0.2363,20.4
deep,APT/USDT,23.6,120,135,19.511,0.1445,19.3
deep,LTC/USDT,23.6,120,123,10.017,0.0814,19.5
deep,H1,23.6,120,928,184.220,0.1985,20.3
deep,H2,23.6,120,933,50.109,0.0537,19.5
deep,all,23.6,141,1861,276.856,0.1488,16.7
deep,15m,23.6,141,547,-74.238,-0.1357,14.4
deep,30m,23.6,141,625,179.757,0.2876,18.2
deep,1h,23.6,141,689,171.337,0.2487,17.0
deep,BTC/USDT,23.6,141,141,2.226,0.0158,16.3
deep,ETH/USDT,23.6,141,114,35.562,0.3119,18.4
deep,SOL/USDT,23.6,141,143,23.858,0.1668,16.8
deep,XRP/USDT,23.6,141,141,52.386,0.3715,19.9
deep,BNB/USDT,23.6,141,126,-22.959,-0.1822,14.3
deep,DOGE/USDT,23.6,141,131,24.509,0.1871,16.8
deep,ADA/USDT,23.6,141,133,4.444,0.0334,15.0
deep,AVAX/USDT,23.6,141,136,-63.383,-0.4661,8.8
deep,LINK/USDT,23.6,141,141,59.759,0.4238,19.9
deep,SUI/USDT,23.6,141,122,76.379,0.6261,22.1
deep,TON/USDT,23.6,141,133,4.979,0.0374,15.0
deep,NEAR/USDT,23.6,141,142,42.820,0.3015,17.6
deep,APT/USDT,23.6,141,135,16.225,0.1202,15.6
deep,LTC/USDT,23.6,141,123,20.051,0.1630,17.1
deep,H1,23.6,141,928,243.055,0.2619,17.5
deep,H2,23.6,141,933,33.801,0.0362,15.9
deep,all,23.6,161,1861,205.982,0.1107,13.9
deep,15m,23.6,161,547,-90.700,-0.1658,12.1
deep,30m,23.6,161,625,154.567,0.2473,15.2
deep,1h,23.6,161,689,142.115,0.2063,14.1
deep,BTC/USDT,23.6,161,141,-4.366,-0.0310,13.5
deep,ETH/USDT,23.6,161,114,16.674,0.1463,14.0
deep,SOL/USDT,23.6,161,143,47.297,0.3307,16.1
deep,XRP/USDT,23.6,161,141,61.784,0.4382,17.7
deep,BNB/USDT,23.6,161,126,-65.316,-0.5184,8.7
deep,DOGE/USDT,23.6,161,131,35.628,0.2720,15.3
deep,ADA/USDT,23.6,161,133,-6.151,-0.0462,12.0
deep,AVAX/USDT,23.6,161,136,-75.487,-0.5551,6.6
deep,LINK/USDT,23.6,161,141,79.057,0.5607,18.4
deep,SUI/USDT,23.6,161,122,84.898,0.6959,19.7
deep,TON/USDT,23.6,161,133,22.884,0.1721,14.3
deep,NEAR/USDT,23.6,161,142,10.541,0.0742,12.7
deep,APT/USDT,23.6,161,135,-2.326,-0.0172,11.9
deep,LTC/USDT,23.6,161,123,0.866,0.0070,13.0
deep,H1,23.6,161,928,227.796,0.2455,14.8
deep,H2,23.6,161,933,-21.814,-0.0234,13.0
deep,all,23.6,200,1861,310.363,0.1668,11.3
deep,15m,23.6,200,547,0.079,0.0001,10.8
deep,30m,23.6,200,625,176.645,0.2826,12.2
deep,1h,23.6,200,689,133.640,0.1940,10.9
deep,BTC/USDT,23.6,200,141,9.380,0.0665,11.3
deep,ETH/USDT,23.6,200,114,-13.810,-0.1211,8.8
deep,SOL/USDT,23.6,200,143,84.375,0.5900,14.7
deep,XRP/USDT,23.6,200,141,79.859,0.5664,14.9
deep,BNB/USDT,23.6,200,126,-60.363,-0.4791,7.1
deep,DOGE/USDT,23.6,200,131,64.757,0.4943,13.7
deep,ADA/USDT,23.6,200,133,24.420,0.1836,11.3
deep,AVAX/USDT,23.6,200,136,-63.581,-0.4675,5.9
deep,LINK/USDT,23.6,200,141,111.998,0.7943,16.3
deep,SUI/USDT,23.6,200,122,88.144,0.7225,15.6
deep,TON/USDT,23.6,200,133,12.858,0.0967,10.5
deep,NEAR/USDT,23.6,200,142,22.176,0.1562,10.6
deep,APT/USDT,23.6,200,135,-44.651,-0.3307,6.7
deep,LTC/USDT,23.6,200,123,-5.198,-0.0423,9.8
deep,H1,23.6,200,928,240.981,0.2597,11.6
deep,H2,23.6,200,933,69.382,0.0744,10.9
deep,all,23.6,241,1861,420.221,0.2258,9.6
deep,15m,23.6,241,547,-29.508,-0.0539,8.4
deep,30m,23.6,241,625,314.983,0.5040,11.4
deep,1h,23.6,241,689,134.745,0.1956,8.9
deep,BTC/USDT,23.6,241,141,24.332,0.1726,9.9
deep,ETH/USDT,23.6,241,114,14.274,0.1252,8.8
deep,SOL/USDT,23.6,241,143,98.434,0.6884,12.6
deep,XRP/USDT,23.6,241,141,108.973,0.7729,13.5
deep,BNB/USDT,23.6,241,126,-80.335,-0.6376,4.8
deep,DOGE/USDT,23.6,241,131,85.432,0.6522,12.2
deep,ADA/USDT,23.6,241,133,36.623,0.2754,9.8
deep,AVAX/USDT,23.6,241,136,-41.116,-0.3023,5.9
deep,LINK/USDT,23.6,241,141,161.607,1.1461,15.6
deep,SUI/USDT,23.6,241,122,51.690,0.4237,10.7
deep,TON/USDT,23.6,241,133,-7.882,-0.0593,7.5
deep,NEAR/USDT,23.6,241,142,49.280,0.3470,9.9
deep,APT/USDT,23.6,241,135,-34.439,-0.2551,5.9
deep,LTC/USDT,23.6,241,123,-46.653,-0.3793,5.7
deep,H1,23.6,241,928,349.641,0.3768,10.2
deep,H2,23.6,241,933,70.580,0.0756,8.9
deep,all,30,50,1861,74.409,0.0400,53.7
deep,15m,30,50,547,-60.886,-0.1113,53.4
deep,30m,30,50,625,37.754,0.0604,54.1
deep,1h,30,50,689,97.541,0.1416,53.6
deep,BTC/USDT,30,50,141,-40.157,-0.2848,47.5
deep,ETH/USDT,30,50,114,-11.278,-0.0989,47.4
deep,SOL/USDT,30,50,143,22.025,0.1540,57.3
deep,XRP/USDT,30,50,141,3.201,0.0227,55.3
deep,BNB/USDT,30,50,126,-36.015,-0.2858,48.4
deep,DOGE/USDT,30,50,131,17.834,0.1361,55.7
deep,ADA/USDT,30,50,133,1.855,0.0139,51.9
deep,AVAX/USDT,30,50,136,10.558,0.0776,53.7
deep,LINK/USDT,30,50,141,0.956,0.0068,51.8
deep,SUI/USDT,30,50,122,11.578,0.0949,54.1
deep,TON/USDT,30,50,133,18.688,0.1405,56.4
deep,NEAR/USDT,30,50,142,23.305,0.1641,54.2
deep,APT/USDT,30,50,135,47.169,0.3494,62.2
deep,LTC/USDT,30,50,123,4.693,0.0382,54.5
deep,H1,30,50,928,54.626,0.0589,51.8
deep,H2,30,50,933,19.784,0.0212,55.5
deep,all,30,61.8,1861,546.299,0.2936,40.8
deep,15m,30,61.8,547,105.184,0.1923,42.0
deep,30m,30,61.8,625,205.871,0.3294,41.4
deep,1h,30,61.8,689,235.245,0.3414,39.2
deep,BTC/USDT,30,61.8,141,-9.662,-0.0685,36.2
deep,ETH/USDT,30,61.8,114,38.451,0.3373,41.2
deep,SOL/USDT,30,61.8,143,71.257,0.4983,45.5
deep,XRP/USDT,30,61.8,141,59.092,0.4191,45.4
deep,BNB/USDT,30,61.8,126,-10.409,-0.0826,36.5
deep,DOGE/USDT,30,61.8,131,42.742,0.3263,40.5
deep,ADA/USDT,30,61.8,133,12.883,0.0969,35.3
deep,AVAX/USDT,30,61.8,136,43.277,0.3182,40.4
deep,LINK/USDT,30,61.8,141,25.613,0.1817,37.6
deep,SUI/USDT,30,61.8,122,35.040,0.2872,39.3
deep,TON/USDT,30,61.8,133,66.595,0.5007,45.1
deep,NEAR/USDT,30,61.8,142,46.416,0.3269,38.7
deep,APT/USDT,30,61.8,135,84.347,0.6248,46.7
deep,LTC/USDT,30,61.8,123,40.657,0.3305,42.3
deep,H1,30,61.8,928,263.863,0.2843,38.8
deep,H2,30,61.8,933,282.437,0.3027,42.8
deep,all,30,70,1861,531.871,0.2858,32.6
deep,15m,30,70,547,118.690,0.2170,34.4
deep,30m,30,70,625,157.365,0.2518,31.7
deep,1h,30,70,689,255.817,0.3713,31.9
deep,BTC/USDT,30,70,141,0.443,0.0031,30.5
deep,ETH/USDT,30,70,114,19.687,0.1727,29.8
deep,SOL/USDT,30,70,143,80.904,0.5658,37.8
deep,XRP/USDT,30,70,141,56.652,0.4018,36.2
deep,BNB/USDT,30,70,126,-15.784,-0.1253,28.6
deep,DOGE/USDT,30,70,131,50.497,0.3855,33.6
deep,ADA/USDT,30,70,133,19.680,0.1480,29.3
deep,AVAX/USDT,30,70,136,2.853,0.0210,26.5
deep,LINK/USDT,30,70,141,17.934,0.1272,29.1
deep,SUI/USDT,30,70,122,32.933,0.2699,31.1
deep,TON/USDT,30,70,133,71.102,0.5346,36.8
deep,NEAR/USDT,30,70,142,61.346,0.4320,33.1
deep,APT/USDT,30,70,135,97.452,0.7219,39.3
deep,LTC/USDT,30,70,123,36.172,0.2941,33.3
deep,H1,30,70,928,228.043,0.2457,30.3
deep,H2,30,70,933,303.828,0.3256,34.8
deep,all,30,78.6,1861,548.075,0.2945,27.1
deep,15m,30,78.6,547,158.878,0.2905,29.8
deep,30m,30,78.6,625,199.518,0.3192,27.4
deep,1h,30,78.6,689,189.679,0.2753,24.8
deep,BTC/USDT,30,78.6,141,7.750,0.0550,26.2
deep,ETH/USDT,30,78.6,114,19.070,0.1673,24.6
deep,SOL/USDT,30,78.6,143,82.087,0.5740,31.5
deep,XRP/USDT,30,78.6,141,60.414,0.4285,30.5
deep,BNB/USDT,30,78.6,126,-40.835,-0.3241,20.6
deep,DOGE/USDT,30,78.6,131,54.067,0.4127,28.2
deep,ADA/USDT,30,78.6,133,24.154,0.1816,24.8
deep,AVAX/USDT,30,78.6,136,16.020,0.1178,23.5
deep,LINK/USDT,30,78.6,141,36.578,0.2594,26.2
deep,SUI/USDT,30,78.6,122,11.350,0.0930,23.0
deep,TON/USDT,30,78.6,133,55.445,0.4169,28.6
deep,NEAR/USDT,30,78.6,142,50.405,0.3550,26.1
deep,APT/USDT,30,78.6,135,110.465,0.8183,34.1
deep,LTC/USDT,30,78.6,123,61.106,0.4968,30.9
deep,H1,30,78.6,928,231.611,0.2496,25.1
deep,H2,30,78.6,933,316.464,0.3392,29.2
deep,all,30,88.6,1861,419.186,0.2252,21.7
deep,15m,30,88.6,547,139.676,0.2553,24.5
deep,30m,30,88.6,625,180.186,0.2883,22.4
deep,1h,30,88.6,689,99.324,0.1442,18.9
deep,BTC/USDT,30,88.6,141,-29.027,-0.2059,18.4
deep,ETH/USDT,30,88.6,114,31.317,0.2747,21.9
deep,SOL/USDT,30,88.6,143,92.866,0.6494,27.3
deep,XRP/USDT,30,88.6,141,46.325,0.3285,24.1
deep,BNB/USDT,30,88.6,126,-55.515,-0.4406,15.9
deep,DOGE/USDT,30,88.6,131,32.916,0.2513,21.4
deep,ADA/USDT,30,88.6,133,20.300,0.1526,20.3
deep,AVAX/USDT,30,88.6,136,10.779,0.0793,19.1
deep,LINK/USDT,30,88.6,141,45.089,0.3198,22.7
deep,SUI/USDT,30,88.6,122,8.762,0.0718,18.9
deep,TON/USDT,30,88.6,133,57.926,0.4355,24.1
deep,NEAR/USDT,30,88.6,142,37.166,0.2617,20.4
deep,APT/USDT,30,88.6,135,86.112,0.6379,25.9
deep,LTC/USDT,30,88.6,123,34.168,0.2778,22.8
deep,H1,30,88.6,928,171.590,0.1849,20.0
deep,H2,30,88.6,933,247.596,0.2654,23.4
deep,all,30,100,1861,436.157,0.2344,18.4
deep,15m,30,100,547,129.815,0.2373,20.5
deep,30m,30,100,625,191.369,0.3062,19.0
deep,1h,30,100,689,114.973,0.1669,16.1
deep,BTC/USDT,30,100,141,-55.072,-0.3906,13.5
deep,ETH/USDT,30,100,114,31.273,0.2743,18.4
deep,SOL/USDT,30,100,143,102.836,0.7191,23.8
deep,XRP/USDT,30,100,141,49.679,0.3523,20.6
deep,BNB/USDT,30,100,126,-54.738,-0.4344,13.5
deep,DOGE/USDT,30,100,131,28.410,0.2169,17.6
deep,ADA/USDT,30,100,133,31.465,0.2366,18.0
deep,AVAX/USDT,30,100,136,29.391,0.2161,17.6
deep,LINK/USDT,30,100,141,36.950,0.2621,18.4
deep,SUI/USDT,30,100,122,14.893,0.1221,16.4
deep,TON/USDT,30,100,133,76.303,0.5737,21.8
deep,NEAR/USDT,30,100,142,42.853,0.3018,17.6
deep,APT/USDT,30,100,135,91.179,0.6754,22.2
deep,LTC/USDT,30,100,123,10.736,0.0873,17.1
deep,H1,30,100,928,177.705,0.1915,16.9
deep,H2,30,100,933,258.452,0.2770,19.8
deep,all,30,120,1861,170.815,0.0918,13.1
deep,15m,30,120,547,-72.267,-0.1321,12.8
deep,30m,30,120,625,123.989,0.1984,13.9
deep,1h,30,120,689,119.093,0.1728,12.6
deep,BTC/USDT,30,120,141,-66.615,-0.4724,9.9
deep,ETH/USDT,30,120,114,26.742,0.2346,14.0
deep,SOL/USDT,30,120,143,62.470,0.4369,16.1
deep,XRP/USDT,30,120,141,53.674,0.3807,16.3
deep,BNB/USDT,30,120,126,-58.649,-0.4655,10.3
deep,DOGE/USDT,30,120,131,-5.358,-0.0409,11.5
deep,ADA/USDT,30,120,133,0.235,0.0018,12.0
deep,AVAX/USDT,30,120,136,-13.379,-0.0984,11.0
deep,LINK/USDT,30,120,141,89.252,0.6330,17.7
deep,SUI/USDT,30,120,122,-25.678,-0.2105,9.8
deep,TON/USDT,30,120,133,68.537,0.5153,16.5
deep,NEAR/USDT,30,120,142,3.774,0.0266,11.3
deep,APT/USDT,30,120,135,41.839,0.3099,14.1
deep,LTC/USDT,30,120,123,-6.027,-0.0490,12.2
deep,H1,30,120,928,125.935,0.1357,12.7
deep,H2,30,120,933,44.880,0.0481,13.5
deep,all,30,141,1861,260.307,0.1399,11.0
deep,15m,30,141,547,-44.754,-0.0818,10.8
deep,30m,30,141,625,141.074,0.2257,11.5
deep,1h,30,141,689,163.987,0.2380,10.7
deep,BTC/USDT,30,141,141,-44.507,-0.3157,9.2
deep,ETH/USDT,30,141,114,26.616,0.2335,11.4
deep,SOL/USDT,30,141,143,66.720,0.4666,13.3
deep,XRP/USDT,30,141,141,57.845,0.4102,13.5
deep,BNB/USDT,30,141,126,-25.359,-0.2013,10.3
deep,DOGE/USDT,30,141,131,19.318,0.1475,10.7
deep,ADA/USDT,30,141,133,41.213,0.3099,12.0
deep,AVAX/USDT,30,141,136,-43.510,-0.3199,7.4
deep,LINK/USDT,30,141,141,98.251,0.6968,14.9
deep,SUI/USDT,30,141,122,-8.576,-0.0703,9.0
deep,TON/USDT,30,141,133,14.485,0.1089,10.5
deep,NEAR/USDT,30,141,142,3.645,0.0257,9.2
deep,APT/USDT,30,141,135,49.326,0.3654,11.9
deep,LTC/USDT,30,141,123,4.839,0.0393,10.6
deep,H1,30,141,928,167.745,0.1808,10.7
deep,H2,30,141,933,92.562,0.0992,11.4
deep,all,30,161,1861,80.121,0.0431,8.8
deep,15m,30,161,547,-96.584,-0.1766,8.6
deep,30m,30,161,625,41.261,0.0660,8.8
deep,1h,30,161,689,135.443,0.1966,8.9
deep,BTC/USDT,30,161,141,-77.509,-0.5497,6.4
deep,ETH/USDT,30,161,114,-6.446,-0.0565,7.9
deep,SOL/USDT,30,161,143,80.980,0.5663,11.9
deep,XRP/USDT,30,161,141,71.135,0.5045,12.1
deep,BNB/USDT,30,161,126,-91.395,-0.7254,5.6
deep,DOGE/USDT,30,161,131,21.039,0.1606,9.2
deep,ADA/USDT,30,161,133,15.713,0.1181,9.0
deep,AVAX/USDT,30,161,136,-67.597,-0.4970,5.1
deep,LINK/USDT,30,161,141,117.090,0.8304,13.5
deep,SUI/USDT,30,161,122,18.252,0.1496,9.0
deep,TON/USDT,30,161,133,32.510,0.2444,9.8
deep,NEAR/USDT,30,161,142,-29.352,-0.2067,6.3
deep,APT/USDT,30,161,135,8.000,0.0593,8.1
deep,LTC/USDT,30,161,123,-12.301,-0.1000,8.1
deep,H1,30,161,928,103.147,0.1111,8.6
deep,H2,30,161,933,-23.026,-0.0247,8.9
deep,all,30,200,1861,207.026,0.1112,7.1
deep,15m,30,200,547,-20.061,-0.0367,7.3
deep,30m,30,200,625,114.915,0.1839,7.4
deep,1h,30,200,689,112.172,0.1628,6.7
deep,BTC/USDT,30,200,141,-55.789,-0.3957,5.7
deep,ETH/USDT,30,200,114,-47.600,-0.4175,4.4
deep,SOL/USDT,30,200,143,120.023,0.8393,10.5
deep,XRP/USDT,30,200,141,110.318,0.7824,10.6
deep,BNB/USDT,30,200,126,-78.943,-0.6265,4.8
deep,DOGE/USDT,30,200,131,78.110,0.5963,9.2
deep,ADA/USDT,30,200,133,51.898,0.3902,8.3
deep,AVAX/USDT,30,200,136,-76.295,-0.5610,3.7
deep,LINK/USDT,30,200,141,144.791,1.0269,11.3
deep,SUI/USDT,30,200,122,28.730,0.2355,7.4
deep,TON/USDT,30,200,133,10.690,0.0804,6.8
deep,NEAR/USDT,30,200,142,-7.389,-0.0520,5.6
deep,APT/USDT,30,200,135,-43.850,-0.3248,4.4
deep,LTC/USDT,30,200,123,-27.669,-0.2249,5.7
deep,H1,30,200,928,86.475,0.0932,6.6
deep,H2,30,200,933,120.551,0.1292,7.6
deep,all,30,241,1861,348.706,0.1874,6.0
deep,15m,30,241,547,-1.578,-0.0029,6.0
deep,30m,30,241,625,266.968,0.4271,6.9
deep,1h,30,241,689,83.317,0.1209,5.2
deep,BTC/USDT,30,241,141,-41.754,-0.2961,5.0
deep,ETH/USDT,30,241,114,-22.601,-0.1983,4.4
deep,SOL/USDT,30,241,143,143.247,1.0017,9.1
deep,XRP/USDT,30,241,141,159.510,1.1313,9.9
deep,BNB/USDT,30,241,126,-127.096,-1.0087,2.4
deep,DOGE/USDT,30,241,131,86.484,0.6602,7.6
deep,ADA/USDT,30,241,133,55.185,0.4149,6.8
deep,AVAX/USDT,30,241,136,-51.294,-0.3772,3.7
deep,LINK/USDT,30,241,141,224.791,1.5943,11.3
deep,SUI/USDT,30,241,122,21.881,0.1794,5.7
deep,TON/USDT,30,241,133,-21.904,-0.1647,4.5
deep,NEAR/USDT,30,241,142,32.611,0.2297,5.6
deep,APT/USDT,30,241,135,-39.891,-0.2955,3.7
deep,LTC/USDT,30,241,123,-70.464,-0.5729,3.3
deep,H1,30,241,928,210.541,0.2269,5.8
deep,H2,30,241,933,138.165,0.1481,6.2
ote,all,-15,88.6,3958,251.617,0.0636,97.1
ote,15m,-15,88.6,1152,75.739,0.0657,97.8
ote,30m,-15,88.6,1373,91.607,0.0667,97.3
ote,1h,-15,88.6,1433,84.271,0.0588,96.3
ote,BTC/USDT,-15,88.6,329,23.032,0.0700,97.9
ote,ETH/USDT,-15,88.6,247,20.260,0.0820,98.8
ote,SOL/USDT,-15,88.6,306,22.701,0.0742,98.0
ote,XRP/USDT,-15,88.6,294,16.696,0.0568,96.6
ote,BNB/USDT,-15,88.6,309,10.850,0.0351,95.1
ote,DOGE/USDT,-15,88.6,258,18.401,0.0713,97.7
ote,ADA/USDT,-15,88.6,278,16.910,0.0608,96.8
ote,AVAX/USDT,-15,88.6,267,17.199,0.0644,97.0
ote,LINK/USDT,-15,88.6,308,23.101,0.0750,98.1
ote,SUI/USDT,-15,88.6,311,17.338,0.0557,96.1
ote,TON/USDT,-15,88.6,272,19.565,0.0719,97.8
ote,NEAR/USDT,-15,88.6,254,14.069,0.0554,96.1
ote,APT/USDT,-15,88.6,273,20.206,0.0740,97.8
ote,LTC/USDT,-15,88.6,252,11.290,0.0448,95.6
ote,H1,-15,88.6,1977,114.795,0.0581,96.4
ote,H2,-15,88.6,1981,136.822,0.0691,97.8
ote,all,-15,100,3958,274.951,0.0695,88.0
ote,15m,-15,100,1152,102.195,0.0887,90.1
ote,30m,-15,100,1373,98.246,0.0716,88.2
ote,1h,-15,100,1433,74.510,0.0520,86.3
ote,BTC/USDT,-15,100,329,24.957,0.0759,89.1
ote,ETH/USDT,-15,100,247,15.281,0.0619,87.4
ote,SOL/USDT,-15,100,306,30.774,0.1006,90.5
ote,XRP/USDT,-15,100,294,11.686,0.0397,85.7
ote,BNB/USDT,-15,100,309,16.786,0.0543,87.4
ote,DOGE/USDT,-15,100,258,23.088,0.0895,89.5
ote,ADA/USDT,-15,100,278,13.802,0.0496,86.3
ote,AVAX/USDT,-15,100,267,15.283,0.0572,86.9
ote,LINK/USDT,-15,100,308,26.385,0.0857,89.3
ote,SUI/USDT,-15,100,311,15.495,0.0498,86.2
ote,TON/USDT,-15,100,272,33.392,0.1228,92.3
ote,NEAR/USDT,-15,100,254,20.301,0.0799,88.6
ote,APT/USDT,-15,100,273,16.885,0.0618,87.2
ote,LTC/USDT,-15,100,252,10.835,0.0430,86.1
ote,H1,-15,100,1977,104.459,0.0528,86.5
ote,H2,-15,100,1981,170.492,0.0861,89.6
ote,all,-15,120,3958,198.191,0.0501,73.8
ote,15m,-15,120,1152,60.576,0.0526,74.5
ote,30m,-15,120,1373,97.924,0.0713,75.2
ote,1h,-15,120,1433,39.690,0.0277,71.9
ote,BTC/USDT,-15,120,329,24.740,0.0752,76.0
ote,ETH/USDT,-15,120,247,30.864,0.1250,78.9
ote,SOL/USDT,-15,120,306,25.790,0.0843,76.1
ote,XRP/USDT,-15,120,294,8.666,0.0295,72.4
ote,BNB/USDT,-15,120,309,14.292,0.0463,74.1
ote,DOGE/USDT,-15,120,258,5.624,0.0218,71.7
ote,ADA/USDT,-15,120,278,14.173,0.0510,73.7
ote,AVAX/USDT,-15,120,267,6.669,0.0250,71.9
ote,LINK/USDT,-15,120,308,34.101,0.1107,77.9
ote,SUI/USDT,-15,120,311,17.496,0.0563,74.0
ote,TON/USDT,-15,120,272,11.396,0.0419,73.2
ote,NEAR/USDT,-15,120,254,-7.170,-0.0282,68.1
ote,APT/USDT,-15,120,273,-0.569,-0.0021,70.0
ote,LTC/USDT,-15,120,252,12.118,0.0481,73.8
ote,H1,-15,120,1977,68.833,0.0348,72.5
ote,H2,-15,120,1981,129.357,0.0653,75.1
ote,all,-15,141,3958,120.335,0.0304,62.8
ote,15m,-15,141,1152,24.786,0.0215,62.8
ote,30m,-15,141,1373,96.256,0.0701,65.1
ote,1h,-15,141,1433,-0.707,-0.0005,60.6
ote,BTC/USDT,-15,141,329,25.135,0.0764,66.0
ote,ETH/USDT,-15,141,247,17.477,0.0708,65.2
ote,SOL/USDT,-15,141,306,30.988,0.1013,67.0
ote,XRP/USDT,-15,141,294,0.931,0.0032,61.2
ote,BNB/USDT,-15,141,309,4.700,0.0152,62.5
ote,DOGE/USDT,-15,141,258,-6.633,-0.0257,59.3
ote,ADA/USDT,-15,141,278,11.435,0.0411,63.3
ote,AVAX/USDT,-15,141,267,-17.500,-0.0655,56.9
ote,LINK/USDT,-15,141,308,29.248,0.0950,66.6
ote,SUI/USDT,-15,141,311,10.423,0.0335,62.7
ote,TON/USDT,-15,141,272,14.035,0.0516,64.0
ote,NEAR/USDT,-15,141,254,-13.647,-0.0537,57.5
ote,APT/USDT,-15,141,273,5.315,0.0195,61.9
ote,LTC/USDT,-15,141,252,8.427,0.0334,63.1
ote,H1,-15,141,1977,31.516,0.0159,61.7
ote,H2,-15,141,1981,88.819,0.0448,63.9
ote,all,-15,161,3958,67.828,0.0171,55.0
ote,15m,-15,161,1152,4.296,0.0037,54.8
ote,30m,-15,161,1373,82.977,0.0604,57.2
ote,1h,-15,161,1433,-19.445,-0.0136,53.0
ote,BTC/USDT,-15,161,329,5.024,0.0153,55.3
ote,ETH/USDT,-15,161,247,17.807,0.0721,57.9
ote,SOL/USDT,-15,161,306,33.102,0.1082,59.8
ote,XRP/USDT,-15,161,294,-6.100,-0.0207,53.1
ote,BNB/USDT,-15,161,309,-1.534,-0.0050,54.4
ote,DOGE/USDT,-15,161,258,-2.315,-0.0090,53.5
ote,ADA/USDT,-15,161,278,5.531,0.0199,55.0
ote,AVAX/USDT,-15,161,267,-20.943,-0.0784,49.8
ote,LINK/USDT,-15,161,308,20.032,0.0650,57.5
ote,SUI/USDT,-15,161,311,19.895,0.0640,57.2
ote,TON/USDT,-15,161,272,5.751,0.0211,55.1
ote,NEAR/USDT,-15,161,254,-7.025,-0.0277,52.4
ote,APT/USDT,-15,161,273,-5.828,-0.0213,52.7
ote,LTC/USDT,-15,161,252,4.431,0.0176,55.2
ote,H1,-15,161,1977,17.848,0.0090,54.4
ote,H2,-15,161,1981,49.981,0.0252,55.6
ote,all,-15,200,3958,122.030,0.0308,45.7
ote,15m,-15,200,1152,39.793,0.0345,46.3
ote,30m,-15,200,1373,110.002,0.0801,47.8
ote,1h,-15,200,1433,-27.766,-0.0194,43.2
ote,BTC/USDT,-15,200,329,18.306,0.0556,47.1
ote,ETH/USDT,-15,200,247,31.202,0.1263,49.8
ote,SOL/USDT,-15,200,306,35.431,0.1158,49.3
ote,XRP/USDT,-15,200,294,-1.139,-0.0039,44.2
ote,BNB/USDT,-15,200,309,-3.374,-0.0109,44.3
ote,DOGE/USDT,-15,200,258,-7.188,-0.0279,43.0
ote,ADA/USDT,-15,200,278,-6.943,-0.0250,43.2
ote,AVAX/USDT,-15,200,267,-7.048,-0.0264,43.1
ote,LINK/USDT,-15,200,308,33.661,0.1093,49.0
ote,SUI/USDT,-15,200,311,27.077,0.0871,47.9
ote,TON/USDT,-15,200,272,10.412,0.0383,46.0
ote,NEAR/USDT,-15,200,254,6.901,0.0272,45.3
ote,APT/USDT,-15,200,273,-12.690,-0.0465,42.1
ote,LTC/USDT,-15,200,252,-2.578,-0.0102,44.0
ote,H1,-15,200,1977,27.207,0.0138,44.8
ote,H2,-15,200,1981,94.822,0.0479,46.6
ote,all,-15,241,3958,202.056,0.0511,39.1
ote,15m,-15,241,1152,36.345,0.0315,38.8
ote,30m,-15,241,1373,163.774,0.1193,41.6
ote,1h,-15,241,1433,1.937,0.0014,37.1
ote,BTC/USDT,-15,241,329,31.089,0.0945,41.0
ote,ETH/USDT,-15,241,247,43.857,0.1776,43.7
ote,SOL/USDT,-15,241,306,13.692,0.0447,38.9
ote,XRP/USDT,-15,241,294,20.100,0.0684,39.8
ote,BNB/USDT,-15,241,309,-12.292,-0.0398,36.2
ote,DOGE/USDT,-15,241,258,-16.213,-0.0628,34.9
ote,ADA/USDT,-15,241,278,12.637,0.0455,38.8
ote,AVAX/USDT,-15,241,267,4.863,0.0182,37.8
ote,LINK/USDT,-15,241,308,50.374,0.1636,43.2
ote,SUI/USDT,-15,241,311,45.661,0.1468,42.4
ote,TON/USDT,-15,241,272,1.937,0.0071,37.5
ote,NEAR/USDT,-15,241,254,24.347,0.0959,40.6
ote,APT/USDT,-15,241,273,-22.706,-0.0832,34.1
ote,LTC/USDT,-15,241,252,4.711,0.0187,38.1
ote,H1,-15,241,1977,110.084,0.0557,39.2
ote,H2,-15,241,1981,91.972,0.0464,39.1
ote,all,0,88.6,3958,303.135,0.0766,96.7
ote,15m,0,88.6,1152,90.416,0.0785,97.5
ote,30m,0,88.6,1373,106.776,0.0778,96.7
ote,1h,0,88.6,1433,105.943,0.0739,96.0
ote,BTC/USDT,0,88.6,329,27.403,0.0833,97.6
ote,ETH/USDT,0,88.6,247,24.698,0.1000,98.8
ote,SOL/USDT,0,88.6,306,25.919,0.0847,97.4
ote,XRP/USDT,0,88.6,294,21.790,0.0741,96.6
ote,BNB/USDT,0,88.6,309,11.215,0.0363,93.9
ote,DOGE/USDT,0,88.6,258,23.058,0.0894,97.7
ote,ADA/USDT,0,88.6,278,19.559,0.0704,96.0
ote,AVAX/USDT,0,88.6,267,22.007,0.0824,97.0
ote,LINK/USDT,0,88.6,308,28.655,0.0930,98.1
ote,SUI/USDT,0,88.6,311,21.807,0.0701,95.8
ote,TON/USDT,0,88.6,272,23.302,0.0857,97.4
ote,NEAR/USDT,0,88.6,254,15.241,0.0600,94.9
ote,APT/USDT,0,88.6,273,22.937,0.0840,97.1
ote,LTC/USDT,0,88.6,252,15.544,0.0617,95.6
ote,H1,0,88.6,1977,138.807,0.0702,95.9
ote,H2,0,88.6,1981,164.328,0.0830,97.5
ote,all,0,100,3958,339.164,0.0857,86.5
ote,15m,0,100,1152,119.025,0.1033,88.5
ote,30m,0,100,1373,122.004,0.0889,86.7
ote,1h,0,100,1433,98.135,0.0685,84.7
ote,BTC/USDT,0,100,329,32.673,0.0993,88.1
ote,ETH/USDT,0,100,247,24.112,0.0976,87.4
ote,SOL/USDT,0,100,306,39.630,0.1295,89.9
ote,XRP/USDT,0,100,294,16.775,0.0571,84.4
ote,BNB/USDT,0,100,309,8.058,0.0261,82.5
ote,DOGE/USDT,0,100,258,30.093,0.1166,88.8
ote,ADA/USDT,0,100,278,19.805,0.0712,85.3
ote,AVAX/USDT,0,100,267,22.308,0.0836,86.1
ote,LINK/USDT,0,100,308,33.869,0.1100,88.3
ote,SUI/USDT,0,100,311,17.727,0.0570,83.9
ote,TON/USDT,0,100,272,38.586,0.1419,90.8
ote,NEAR/USDT,0,100,254,22.004,0.0866,86.2
ote,APT/USDT,0,100,273,20.374,0.0746,85.3
ote,LTC/USDT,0,100,252,13.150,0.0522,84.1
ote,H1,0,100,1977,140.493,0.0711,85.1
ote,H2,0,100,1981,198.671,0.1003,87.9
ote,all,0,120,3958,282.699,0.0714,71.3
ote,15m,0,120,1152,91.037,0.0790,72.4
ote,30m,0,120,1373,128.961,0.0939,72.8
ote,1h,0,120,1433,62.700,0.0438,69.1
ote,BTC/USDT,0,120,329,39.857,0.1211,75.1
ote,ETH/USDT,0,120,247,45.135,0.1827,78.5
ote,SOL/USDT,0,120,306,40.046,0.1309,75.2
ote,XRP/USDT,0,120,294,10.302,0.0350,69.0
ote,BNB/USDT,0,120,309,7.553,0.0244,68.9
ote,DOGE/USDT,0,120,258,14.473,0.0561,70.2
ote,ADA/USDT,0,120,278,19.993,0.0719,71.2
ote,AVAX/USDT,0,120,267,11.410,0.0427,69.3
ote,LINK/USDT,0,120,308,47.445,0.1540,76.6
ote,SUI/USDT,0,120,311,19.411,0.0624,70.4
ote,TON/USDT,0,120,272,18.248,0.0671,71.0
ote,NEAR/USDT,0,120,254,-6.927,-0.0273,64.6
ote,APT/USDT,0,120,273,1.125,0.0041,66.7
ote,LTC/USDT,0,120,252,14.629,0.0581,70.6
ote,H1,0,120,1977,106.988,0.0541,70.0
ote,H2,0,120,1981,175.711,0.0887,72.7
ote,all,0,141,3958,183.599,0.0464,59.4
ote,15m,0,141,1152,47.735,0.0414,59.7
ote,30m,0,141,1373,131.732,0.0959,62.1
ote,1h,0,141,1433,4.132,0.0029,56.6
ote,BTC/USDT,0,141,329,36.683,0.1115,63.5
ote,ETH/USDT,0,141,247,37.223,0.1507,65.2
ote,SOL/USDT,0,141,306,41.731,0.1364,64.4
ote,XRP/USDT,0,141,294,1.064,0.0036,57.1
ote,BNB/USDT,0,141,309,-12.211,-0.0395,55.3
ote,DOGE/USDT,0,141,258,-2.281,-0.0088,56.2
ote,ADA/USDT,0,141,278,16.767,0.0603,60.1
ote,AVAX/USDT,0,141,267,-9.747,-0.0365,54.7
ote,LINK/USDT,0,141,308,45.463,0.1476,64.9
ote,SUI/USDT,0,141,311,12.895,0.0415,58.8
ote,TON/USDT,0,141,272,22.748,0.0836,61.4
ote,NEAR/USDT,0,141,254,-17.321,-0.0682,52.8
ote,APT/USDT,0,141,273,2.719,0.0100,57.1
ote,LTC/USDT,0,141,252,7.866,0.0312,58.7
ote,H1,0,141,1977,69.873,0.0353,58.6
ote,H2,0,141,1981,113.726,0.0574,60.3
ote,all,0,161,3958,121.243,0.0306,51.3
ote,15m,0,161,1152,23.732,0.0206,51.4
ote,30m,0,161,1373,128.123,0.0933,54.3
ote,1h,0,161,1433,-30.612,-0.0214,48.4
ote,BTC/USDT,0,161,329,9.118,0.0277,51.7
ote,ETH/USDT,0,161,247,34.851,0.1411,56.7
ote,SOL/USDT,0,161,306,44.343,0.1449,56.9
ote,XRP/USDT,0,161,294,-1.670,-0.0057,49.7
ote,BNB/USDT,0,161,309,-22.529,-0.0729,46.9
ote,DOGE/USDT,0,161,258,1.634,0.0063,50.0
ote,ADA/USDT,0,161,278,11.836,0.0426,51.8
ote,AVAX/USDT,0,161,267,-17.918,-0.0671,46.4
ote,LINK/USDT,0,161,308,38.544,0.1251,55.8
ote,SUI/USDT,0,161,311,18.168,0.0584,52.4
ote,TON/USDT,0,161,272,17.758,0.0653,52.9
ote,NEAR/USDT,0,161,254,-10.007,-0.0394,47.6
ote,APT/USDT,0,161,273,-4.963,-0.0182,48.7
ote,LTC/USDT,0,161,252,2.078,0.0082,50.4
ote,H1,0,161,1977,55.230,0.0279,51.0
ote,H2,0,161,1981,66.013,0.0333,51.7
ote,all,0,200,3958,173.961,0.0440,41.9
ote,15m,0,200,1152,57.632,0.0500,42.6
ote,30m,0,200,1373,157.584,0.1148,44.6
ote,1h,0,200,1433,-41.255,-0.0288,38.7
ote,BTC/USDT,0,200,329,29.341,0.0892,44.1
ote,ETH/USDT,0,200,247,53.129,0.2151,48.6
ote,SOL/USDT,0,200,306,48.733,0.1593,46.4
ote,XRP/USDT,0,200,294,4.237,0.0144,40.8
ote,BNB/USDT,0,200,309,-25.086,-0.0812,37.5
ote,DOGE/USDT,0,200,258,-3.534,-0.0137,39.5
ote,ADA/USDT,0,200,278,1.353,0.0049,40.3
ote,AVAX/USDT,0,200,267,-4.960,-0.0186,39.3
ote,LINK/USDT,0,200,308,41.916,0.1361,45.5
ote,SUI/USDT,0,200,311,29.945,0.0963,43.7
ote,TON/USDT,0,200,272,25.099,0.0923,43.8
ote,NEAR/USDT,0,200,254,6.606,0.0260,40.9
ote,APT/USDT,0,200,273,-23.311,-0.0854,36.6
ote,LTC/USDT,0,200,252,-9.508,-0.0377,38.9
ote,H1,0,200,1977,74.489,0.0377,41.5
ote,H2,0,200,1981,99.472,0.0502,42.4
ote,all,0,241,3958,265.637,0.0671,35.6
ote,15m,0,241,1152,48.149,0.0418,35.2
ote,30m,0,241,1373,215.392,0.1569,38.5
ote,1h,0,241,1433,2.096,0.0015,33.1
ote,BTC/USDT,0,241,329,49.313,0.1499,38.6
ote,ETH/USDT,0,241,247,66.415,0.2689,42.1
ote,SOL/USDT,0,241,306,24.257,0.0793,35.9
ote,XRP/USDT,0,241,294,20.639,0.0702,35.7
ote,BNB/USDT,0,241,309,-35.741,-0.1157,30.1
ote,DOGE/USDT,0,241,258,-8.829,-0.0342,32.2
ote,ADA/USDT,0,241,278,25.879,0.0931,36.3
ote,AVAX/USDT,0,241,267,6.697,0.0251,34.1
ote,LINK/USDT,0,241,308,68.731,0.2232,40.6
ote,SUI/USDT,0,241,311,45.483,0.1462,37.9
ote,TON/USDT,0,241,272,19.338,0.0711,35.7
ote,NEAR/USDT,0,241,254,23.933,0.0942,36.2
ote,APT/USDT,0,241,273,-35.793,-0.1311,28.9
ote,LTC/USDT,0,241,252,-4.684,-0.0186,32.9
ote,H1,0,241,1977,175.790,0.0889,36.1
ote,H2,0,241,1981,89.847,0.0454,35.0
ote,all,15,88.6,3958,380.703,0.0962,96.2
ote,15m,15,88.6,1152,109.228,0.0948,96.8
ote,30m,15,88.6,1373,135.326,0.0986,96.3
ote,1h,15,88.6,1433,136.149,0.0950,95.5
ote,BTC/USDT,15,88.6,329,31.958,0.0971,96.7
ote,ETH/USDT,15,88.6,247,31.231,0.1264,98.8
ote,SOL/USDT,15,88.6,306,32.748,0.1070,97.1
ote,XRP/USDT,15,88.6,294,25.768,0.0876,95.6
ote,BNB/USDT,15,88.6,309,16.008,0.0518,93.2
ote,DOGE/USDT,15,88.6,258,29.911,0.1159,97.7
ote,ADA/USDT,15,88.6,278,25.608,0.0921,95.7
ote,AVAX/USDT,15,88.6,267,29.083,0.1089,97.0
ote,LINK/USDT,15,88.6,308,35.659,0.1158,97.7
ote,SUI/USDT,15,88.6,311,28.840,0.0927,95.5
ote,TON/USDT,15,88.6,272,28.127,0.1034,96.7
ote,NEAR/USDT,15,88.6,254,20.741,0.0817,94.5
ote,APT/USDT,15,88.6,273,23.215,0.0850,94.9
ote,LTC/USDT,15,88.6,252,21.806,0.0865,95.6
ote,H1,15,88.6,1977,180.122,0.0911,95.4
ote,H2,15,88.6,1981,200.582,0.1013,96.9
ote,all,15,100,3958,405.689,0.1025,83.9
ote,15m,15,100,1152,135.000,0.1172,85.7
ote,30m,15,100,1373,146.291,0.1065,84.2
ote,1h,15,100,1433,124.399,0.0868,82.2
ote,BTC/USDT,15,100,329,33.219,0.1010,84.5
ote,ETH/USDT,15,100,247,26.331,0.1066,84.2
ote,SOL/USDT,15,100,306,40.073,0.1310,85.9
ote,XRP/USDT,15,100,294,24.816,0.0844,82.7
ote,BNB/USDT,15,100,309,14.456,0.0468,80.6
ote,DOGE/USDT,15,100,258,41.325,0.1602,88.0
ote,ADA/USDT,15,100,278,28.750,0.1034,83.8
ote,AVAX/USDT,15,100,267,25.483,0.0954,83.1
ote,LINK/USDT,15,100,308,36.816,0.1195,85.1
ote,SUI/USDT,15,100,311,29.628,0.0953,83.0
ote,TON/USDT,15,100,272,37.387,0.1375,86.4
ote,NEAR/USDT,15,100,254,31.425,0.1237,85.0
ote,APT/USDT,15,100,273,17.065,0.0625,80.6
ote,LTC/USDT,15,100,252,18.914,0.0751,82.1
ote,H1,15,100,1977,184.956,0.0936,83.0
ote,H2,15,100,1981,220.733,0.1114,84.9
ote,all,15,120,3958,310.274,0.0784,66.7
ote,15m,15,120,1152,110.578,0.0960,68.4
ote,30m,15,120,1373,137.426,0.1001,68.0
ote,1h,15,120,1433,62.270,0.0435,64.1
ote,BTC/USDT,15,120,329,41.773,0.1270,70.2
ote,ETH/USDT,15,120,247,46.657,0.1889,73.3
ote,SOL/USDT,15,120,306,37.372,0.1221,69.3
ote,XRP/USDT,15,120,294,20.856,0.0709,66.3
ote,BNB/USDT,15,120,309,15.248,0.0493,65.7
ote,DOGE/USDT,15,120,258,19.414,0.0752,66.3
ote,ADA/USDT,15,120,278,26.941,0.0969,67.6
ote,AVAX/USDT,15,120,267,8.460,0.0317,63.7
ote,LINK/USDT,15,120,308,43.887,0.1425,70.5
ote,SUI/USDT,15,120,311,32.375,0.1041,67.8
ote,TON/USDT,15,120,272,12.929,0.0475,64.7
ote,NEAR/USDT,15,120,254,-0.621,-0.0024,61.4
ote,APT/USDT,15,120,273,-12.095,-0.0443,59.0
ote,LTC/USDT,15,120,252,17.078,0.0678,66.3
ote,H1,15,120,1977,139.061,0.0703,65.9
ote,H2,15,120,1981,171.212,0.0864,67.4
ote,all,15,141,3958,181.650,0.0459,54.1
ote,15m,15,141,1152,53.915,0.0468,54.8
ote,30m,15,141,1373,137.393,0.1001,56.7
ote,1h,15,141,1433,-9.658,-0.0067,50.9
ote,BTC/USDT,15,141,329,27.346,0.0831,56.5
ote,ETH/USDT,15,141,247,34.333,0.1390,58.7
ote,SOL/USDT,15,141,306,35.258,0.1152,57.5
ote,XRP/USDT,15,141,294,19.043,0.0648,55.1
ote,BNB/USDT,15,141,309,-6.684,-0.0216,51.5
ote,DOGE/USDT,15,141,258,7.801,0.0302,53.1
ote,ADA/USDT,15,141,278,8.969,0.0323,53.2
ote,AVAX/USDT,15,141,267,-37.400,-0.1401,44.6
ote,LINK/USDT,15,141,308,49.653,0.1612,59.7
ote,SUI/USDT,15,141,311,34.145,0.1098,56.9
ote,TON/USDT,15,141,272,16.981,0.0624,54.8
ote,NEAR/USDT,15,141,254,-13.026,-0.0513,48.8
ote,APT/USDT,15,141,273,-2.950,-0.0108,50.9
ote,LTC/USDT,15,141,252,8.181,0.0325,53.6
ote,H1,15,141,1977,85.852,0.0434,53.7
ote,H2,15,141,1981,95.798,0.0484,54.5
ote,all,15,161,3958,136.369,0.0345,46.2
ote,15m,15,161,1152,28.891,0.0251,46.4
ote,30m,15,161,1373,139.460,0.1016,49.1
ote,1h,15,161,1433,-31.982,-0.0223,43.3
ote,BTC/USDT,15,161,329,4.550,0.0138,45.9
ote,ETH/USDT,15,161,247,26.658,0.1079,49.4
ote,SOL/USDT,15,161,306,41.926,0.1370,50.7
ote,XRP/USDT,15,161,294,14.341,0.0488,46.9
ote,BNB/USDT,15,161,309,-17.069,-0.0552,43.0
ote,DOGE/USDT,15,161,258,13.890,0.0538,46.9
ote,ADA/USDT,15,161,278,4.633,0.0167,45.3
ote,AVAX/USDT,15,161,267,-41.580,-0.1557,37.8
ote,LINK/USDT,15,161,308,40.332,0.1309,50.3
ote,SUI/USDT,15,161,311,45.806,0.1473,50.8
ote,TON/USDT,15,161,272,12.824,0.0471,46.7
ote,NEAR/USDT,15,161,254,-8.714,-0.0343,42.9
ote,APT/USDT,15,161,273,-10.045,-0.0368,42.9
ote,LTC/USDT,15,161,252,8.818,0.0350,46.4
ote,H1,15,161,1977,93.366,0.0472,46.5
ote,H2,15,161,1981,43.002,0.0217,45.9
ote,all,15,200,3958,194.968,0.0493,37.1
ote,15m,15,200,1152,53.850,0.0467,37.5
ote,30m,15,200,1373,183.649,0.1338,39.9
ote,1h,15,200,1433,-42.531,-0.0297,34.0
ote,BTC/USDT,15,200,329,26.638,0.0810,38.6
ote,ETH/USDT,15,200,247,39.960,0.1618,40.9
ote,SOL/USDT,15,200,306,52.006,0.1700,41.2
ote,XRP/USDT,15,200,294,22.870,0.0778,38.1
ote,BNB/USDT,15,200,309,-9.018,-0.0292,35.0
ote,DOGE/USDT,15,200,258,3.138,0.0122,35.7
ote,ADA/USDT,15,200,278,-0.118,-0.0004,35.3
ote,AVAX/USDT,15,200,267,-43.928,-0.1645,29.6
ote,LINK/USDT,15,200,308,53.408,0.1734,41.2
ote,SUI/USDT,15,200,311,72.442,0.2329,43.1
ote,TON/USDT,15,200,272,14.473,0.0532,37.1
ote,NEAR/USDT,15,200,254,2.631,0.0104,35.4
ote,APT/USDT,15,200,273,-25.971,-0.0951,31.9
ote,LTC/USDT,15,200,252,-13.565,-0.0538,33.7
ote,H1,15,200,1977,133.884,0.0677,37.5
ote,H2,15,200,1981,61.084,0.0308,36.6
ote,all,15,241,3958,310.912,0.0786,31.2
ote,15m,15,241,1152,41.907,0.0364,30.5
ote,30m,15,241,1373,257.988,0.1879,34.2
ote,1h,15,241,1433,11.017,0.0077,28.9
ote,BTC/USDT,15,241,329,47.565,0.1446,33.4
ote,ETH/USDT,15,241,247,62.136,0.2516,36.0
ote,SOL/USDT,15,241,306,33.209,0.1085,32.0
ote,XRP/USDT,15,241,294,41.497,0.1411,33.0
ote,BNB/USDT,15,241,309,-29.344,-0.0950,26.9
ote,DOGE/USDT,15,241,258,1.759,0.0068,29.1
ote,ADA/USDT,15,241,278,27.318,0.0983,31.7
ote,AVAX/USDT,15,241,267,-46.621,-0.1746,24.0
ote,LINK/USDT,15,241,308,78.128,0.2537,36.0
ote,SUI/USDT,15,241,311,94.600,0.3042,37.3
ote,TON/USDT,15,241,272,15.221,0.0560,30.5
ote,NEAR/USDT,15,241,254,17.807,0.0701,30.7
ote,APT/USDT,15,241,273,-30.609,-0.1121,25.6
ote,LTC/USDT,15,241,252,-1.754,-0.0070,29.0
ote,H1,15,241,1977,272.367,0.1378,32.7
ote,H2,15,241,1981,38.544,0.0195,29.7
ote,all,23.6,88.6,3958,426.581,0.1078,95.4
ote,15m,23.6,88.6,1152,124.799,0.1083,96.3
ote,30m,23.6,88.6,1373,151.109,0.1101,95.5
ote,1h,23.6,88.6,1433,150.672,0.1051,94.6
ote,BTC/USDT,23.6,88.6,329,33.641,0.1023,95.4
ote,ETH/USDT,23.6,88.6,247,35.396,0.1433,98.4
ote,SOL/USDT,23.6,88.6,306,34.440,0.1126,95.8
ote,XRP/USDT,23.6,88.6,294,30.646,0.1042,95.2
ote,BNB/USDT,23.6,88.6,309,16.978,0.0549,91.9
ote,DOGE/USDT,23.6,88.6,258,34.339,0.1331,97.3
ote,ADA/USDT,23.6,88.6,278,29.106,0.1047,95.0
ote,AVAX/USDT,23.6,88.6,267,30.099,0.1127,95.5
ote,LINK/USDT,23.6,88.6,308,37.551,0.1219,96.4
ote,SUI/USDT,23.6,88.6,311,33.055,0.1063,94.9
ote,TON/USDT,23.6,88.6,272,32.744,0.1204,96.3
ote,NEAR/USDT,23.6,88.6,254,22.614,0.0890,93.3
ote,APT/USDT,23.6,88.6,273,29.035,0.1064,94.9
ote,LTC/USDT,23.6,88.6,252,26.936,0.1069,95.6
ote,H1,23.6,88.6,1977,202.054,0.1022,94.5
ote,H2,23.6,88.6,1981,224.527,0.1133,96.2
ote,all,23.6,100,3958,447.654,0.1131,81.7
ote,15m,23.6,100,1152,153.541,0.1333,83.9
ote,30m,23.6,100,1373,159.439,0.1161,81.9
ote,1h,23.6,100,1433,134.674,0.0940,79.8
ote,BTC/USDT,23.6,100,329,32.126,0.0976,81.5
ote,ETH/USDT,23.6,100,247,26.677,0.1080,81.4
ote,SOL/USDT,23.6,100,306,41.779,0.1365,83.3
ote,XRP/USDT,23.6,100,294,32.436,0.1103,81.6
ote,BNB/USDT,23.6,100,309,19.009,0.0615,79.0
ote,DOGE/USDT,23.6,100,258,35.796,0.1387,83.3
ote,ADA/USDT,23.6,100,278,36.082,0.1298,82.7
ote,AVAX/USDT,23.6,100,267,29.495,0.1105,81.3
ote,LINK/USDT,23.6,100,308,35.754,0.1161,81.8
ote,SUI/USDT,23.6,100,311,35.458,0.1140,81.4
ote,TON/USDT,23.6,100,272,36.391,0.1338,83.1
ote,NEAR/USDT,23.6,100,254,36.708,0.1445,83.5
ote,APT/USDT,23.6,100,273,22.433,0.0822,79.1
ote,LTC/USDT,23.6,100,252,27.511,0.1092,81.7
ote,H1,23.6,100,1977,204.774,0.1036,80.7
ote,H2,23.6,100,1981,242.880,0.1226,82.7
ote,all,23.6,120,3958,304.110,0.0768,63.0
ote,15m,23.6,120,1152,125.830,0.1092,65.5
ote,30m,23.6,120,1373,126.520,0.0921,63.8
ote,1h,23.6,120,1433,51.759,0.0361,60.1
ote,BTC/USDT,23.6,120,329,42.131,0.1281,66.6
ote,ETH/USDT,23.6,120,247,46.559,0.1885,69.2
ote,SOL/USDT,23.6,120,306,34.842,0.1139,65.0
ote,XRP/USDT,23.6,120,294,23.645,0.0804,63.3
ote,BNB/USDT,23.6,120,309,19.812,0.0641,63.1
ote,DOGE/USDT,23.6,120,258,13.099,0.0508,61.2
ote,ADA/USDT,23.6,120,278,27.472,0.0988,64.0
ote,AVAX/USDT,23.6,120,267,1.931,0.0072,58.8
ote,LINK/USDT,23.6,120,308,45.558,0.1479,66.9
ote,SUI/USDT,23.6,120,311,33.487,0.1077,64.3
ote,TON/USDT,23.6,120,272,-0.174,-0.0006,58.5
ote,NEAR/USDT,23.6,120,254,-4.811,-0.0189,57.1
ote,APT/USDT,23.6,120,273,-3.518,-0.0129,57.5
ote,LTC/USDT,23.6,120,252,24.079,0.0956,64.3
ote,H1,23.6,120,1977,126.248,0.0639,61.9
ote,H2,23.6,120,1981,177.862,0.0898,64.0
ote,all,23.6,141,3958,170.445,0.0431,50.3
ote,15m,23.6,141,1152,61.165,0.0531,51.5
ote,30m,23.6,141,1373,126.622,0.0922,52.5
ote,1h,23.6,141,1433,-17.343,-0.0121,47.2
ote,BTC/USDT,23.6,141,329,21.316,0.0648,52.0
ote,ETH/USDT,23.6,141,247,31.958,0.1294,54.3
ote,SOL/USDT,23.6,141,306,39.514,0.1291,54.2
ote,XRP/USDT,23.6,141,294,27.611,0.0939,52.7
ote,BNB/USDT,23.6,141,309,-6.071,-0.0196,48.2
ote,DOGE/USDT,23.6,141,258,2.075,0.0080,48.4
ote,ADA/USDT,23.6,141,278,9.126,0.0328,49.6
ote,AVAX/USDT,23.6,141,267,-45.955,-0.1721,40.1
ote,LINK/USDT,23.6,141,308,48.862,0.1586,55.5
ote,SUI/USDT,23.6,141,311,34.498,0.1109,53.1
ote,TON/USDT,23.6,141,272,4.391,0.0161,48.9
ote,NEAR/USDT,23.6,141,254,-16.183,-0.0637,44.9
ote,APT/USDT,23.6,141,273,4.628,0.0170,48.7
ote,LTC/USDT,23.6,141,252,14.674,0.0582,51.2
ote,H1,23.6,141,1977,76.658,0.0388,49.8
ote,H2,23.6,141,1981,93.787,0.0473,50.8
ote,all,23.6,161,3958,112.002,0.0283,42.4
ote,15m,23.6,161,1152,25.855,0.0224,42.9
ote,30m,23.6,161,1373,134.386,0.0979,45.2
ote,1h,23.6,161,1433,-48.239,-0.0337,39.5
ote,BTC/USDT,23.6,161,329,-4.990,-0.0152,41.3
ote,ETH/USDT,23.6,161,247,20.205,0.0818,44.5
ote,SOL/USDT,23.6,161,306,46.883,0.1532,47.4
ote,XRP/USDT,23.6,161,294,23.310,0.0793,44.6
ote,BNB/USDT,23.6,161,309,-12.567,-0.0407,40.5
ote,DOGE/USDT,23.6,161,258,9.757,0.0378,42.6
ote,ADA/USDT,23.6,161,278,1.409,0.0051,41.4
ote,AVAX/USDT,23.6,161,267,-52.338,-0.1960,33.3
ote,LINK/USDT,23.6,161,308,42.926,0.1394,46.8
ote,SUI/USDT,23.6,161,311,46.571,0.1497,46.9
ote,TON/USDT,23.6,161,272,-7.892,-0.0290,40.1
ote,NEAR/USDT,23.6,161,254,-14.995,-0.0590,38.6
ote,APT/USDT,23.6,161,273,-2.320,-0.0085,40.7
ote,LTC/USDT,23.6,161,252,16.042,0.0637,44.0
ote,H1,23.6,161,1977,84.433,0.0427,42.7
ote,H2,23.6,161,1981,27.569,0.0139,42.2
ote,all,23.6,200,3958,178.319,0.0451,33.7
ote,15m,23.6,200,1152,38.484,0.0334,33.9
ote,30m,23.6,200,1373,186.201,0.1356,36.4
ote,1h,23.6,200,1433,-46.365,-0.0324,30.8
ote,BTC/USDT,23.6,200,329,23.414,0.0712,35.0
ote,ETH/USDT,23.6,200,247,33.574,0.1359,36.4
ote,SOL/USDT,23.6,200,306,59.184,0.1934,38.2
ote,XRP/USDT,23.6,200,294,35.446,0.1206,36.1
ote,BNB/USDT,23.6,200,309,-8.349,-0.0270,32.0
ote,DOGE/USDT,23.6,200,258,-9.193,-0.0356,31.0
ote,ADA/USDT,23.6,200,278,-4.273,-0.0154,31.7
ote,AVAX/USDT,23.6,200,267,-56.918,-0.2132,25.5
ote,LINK/USDT,23.6,200,308,54.594,0.1773,37.7
ote,SUI/USDT,23.6,200,311,85.540,0.2750,40.5
ote,TON/USDT,23.6,200,272,1.481,0.0054,32.4
ote,NEAR/USDT,23.6,200,254,-6.762,-0.0266,31.1
ote,APT/USDT,23.6,200,273,-23.543,-0.0862,29.3
ote,LTC/USDT,23.6,200,252,-5.877,-0.0233,31.7
ote,H1,23.6,200,1977,144.813,0.0732,34.3
ote,H2,23.6,200,1981,33.506,0.0169,33.0
ote,all,23.6,241,3958,291.772,0.0737,28.1
ote,15m,23.6,241,1152,-1.999,-0.0017,26.6
ote,30m,23.6,241,1373,284.433,0.2072,31.4
ote,1h,23.6,241,1433,9.338,0.0065,26.0
ote,BTC/USDT,23.6,241,329,45.285,0.1376,30.1
ote,ETH/USDT,23.6,241,247,52.919,0.2142,31.6
ote,SOL/USDT,23.6,241,306,51.031,0.1668,30.4
ote,XRP/USDT,23.6,241,294,50.743,0.1726,30.6
ote,BNB/USDT,23.6,241,309,-22.597,-0.0731,24.9
ote,DOGE/USDT,23.6,241,258,-25.022,-0.0970,23.6
ote,ADA/USDT,23.6,241,278,21.560,0.0776,28.1
ote,AVAX/USDT,23.6,241,267,-57.934,-0.2170,20.6
ote,LINK/USDT,23.6,241,308,85.366,0.2772,33.1
ote,SUI/USDT,23.6,241,311,108.013,0.3473,34.7
ote,TON/USDT,23.6,241,272,3.460,0.0127,26.5
ote,NEAR/USDT,23.6,241,254,20.356,0.0801,28.0
ote,APT/USDT,23.6,241,273,-39.402,-0.1443,22.3
ote,LTC/USDT,23.6,241,252,-2.006,-0.0080,26.2
ote,H1,23.6,241,1977,292.769,0.1481,29.7
ote,H2,23.6,241,1981,-0.997,-0.0005,26.4
ote,all,30,88.6,3958,484.560,0.1224,94.9
ote,15m,30,88.6,1152,138.233,0.1200,95.7
ote,30m,30,88.6,1373,172.866,0.1259,95.1
ote,1h,30,88.6,1433,173.460,0.1210,94.1
ote,BTC/USDT,30,88.6,329,36.188,0.1100,94.5
ote,ETH/USDT,30,88.6,247,40.584,0.1643,98.4
ote,SOL/USDT,30,88.6,306,35.685,0.1166,94.4
ote,XRP/USDT,30,88.6,294,35.317,0.1201,94.9
ote,BNB/USDT,30,88.6,309,21.260,0.0688,91.6
ote,DOGE/USDT,30,88.6,258,38.574,0.1495,96.9
ote,ADA/USDT,30,88.6,278,33.574,0.1208,94.6
ote,AVAX/USDT,30,88.6,267,33.212,0.1244,94.8
ote,LINK/USDT,30,88.6,308,42.729,0.1387,96.1
ote,SUI/USDT,30,88.6,311,39.515,0.1271,94.9
ote,TON/USDT,30,88.6,272,38.373,0.1411,96.3
ote,NEAR/USDT,30,88.6,254,27.831,0.1096,93.3
ote,APT/USDT,30,88.6,273,33.493,0.1227,94.5
ote,LTC/USDT,30,88.6,252,28.225,0.1120,94.4
ote,H1,30,88.6,1977,232.852,0.1178,94.1
ote,H2,30,88.6,1981,251.707,0.1271,95.7
ote,all,30,100,3958,506.869,0.1281,80.1
ote,15m,30,100,1152,171.749,0.1491,82.4
ote,30m,30,100,1373,183.815,0.1339,80.5
ote,1h,30,100,1433,151.305,0.1056,77.9
ote,BTC/USDT,30,100,329,35.588,0.1082,79.6
ote,ETH/USDT,30,100,247,34.789,0.1408,81.0
ote,SOL/USDT,30,100,306,46.580,0.1522,81.7
ote,XRP/USDT,30,100,294,35.036,0.1192,79.6
ote,BNB/USDT,30,100,309,25.639,0.0830,78.0
ote,DOGE/USDT,30,100,258,41.834,0.1621,82.2
ote,ADA/USDT,30,100,278,41.349,0.1487,81.3
ote,AVAX/USDT,30,100,267,32.703,0.1225,79.4
ote,LINK/USDT,30,100,308,41.975,0.1363,80.5
ote,SUI/USDT,30,100,311,33.243,0.1069,78.1
ote,TON/USDT,30,100,272,45.780,0.1683,82.7
ote,NEAR/USDT,30,100,254,38.344,0.1510,81.1
ote,APT/USDT,30,100,273,25.621,0.0939,77.3
ote,LTC/USDT,30,100,252,28.387,0.1126,79.4
ote,H1,30,100,1977,227.911,0.1153,78.9
ote,H2,30,100,1981,278.958,0.1408,81.3
ote,all,30,120,3958,331.223,0.0837,60.2
ote,15m,30,120,1152,145.856,0.1266,63.3
ote,30m,30,120,1373,127.981,0.0932,60.7
ote,1h,30,120,1433,57.386,0.0400,57.2
ote,BTC/USDT,30,120,329,41.420,0.1259,63.2
ote,ETH/USDT,30,120,247,51.477,0.2084,66.8
ote,SOL/USDT,30,120,306,42.240,0.1380,63.1
ote,XRP/USDT,30,120,294,27.864,0.0948,60.9
ote,BNB/USDT,30,120,309,22.339,0.0723,60.5
ote,DOGE/USDT,30,120,258,13.100,0.0508,58.1
ote,ADA/USDT,30,120,278,33.036,0.1188,61.9
ote,AVAX/USDT,30,120,267,7.348,0.0275,56.9
ote,LINK/USDT,30,120,308,48.145,0.1563,64.0
ote,SUI/USDT,30,120,311,24.550,0.0789,59.5
ote,TON/USDT,30,120,272,7.215,0.0265,57.0
ote,NEAR/USDT,30,120,254,-15.382,-0.0606,52.0
ote,APT/USDT,30,120,273,3.817,0.0140,56.0
ote,LTC/USDT,30,120,252,24.056,0.0955,61.1
ote,H1,30,120,1977,120.451,0.0609,58.6
ote,H2,30,120,1981,210.773,0.1064,61.7
ote,all,30,141,3958,196.131,0.0496,47.5
ote,15m,30,141,1152,80.426,0.0698,49.1
ote,30m,30,141,1373,132.183,0.0963,49.5
ote,1h,30,141,1433,-16.478,-0.0115,44.2
ote,BTC/USDT,30,141,329,24.007,0.0730,49.2
ote,ETH/USDT,30,141,247,37.229,0.1507,51.8
ote,SOL/USDT,30,141,306,51.578,0.1686,52.6
ote,XRP/USDT,30,141,294,33.411,0.1136,50.3
ote,BNB/USDT,30,141,309,-4.324,-0.0140,45.6
ote,DOGE/USDT,30,141,258,-3.107,-0.0120,44.6
ote,ADA/USDT,30,141,278,14.948,0.0538,47.5
ote,AVAX/USDT,30,141,267,-37.818,-0.1416,39.0
ote,LINK/USDT,30,141,308,52.605,0.1708,52.6
ote,SUI/USDT,30,141,311,12.280,0.0395,46.6
ote,TON/USDT,30,141,272,14.078,0.0518,47.4
ote,NEAR/USDT,30,141,254,-27.490,-0.1082,40.2
ote,APT/USDT,30,141,273,16.769,0.0614,47.6
ote,LTC/USDT,30,141,252,11.965,0.0475,47.6
ote,H1,30,141,1977,67.796,0.0343,46.5
ote,H2,30,141,1981,128.335,0.0648,48.5
ote,all,30,161,3958,116.877,0.0295,39.6
ote,15m,30,161,1152,34.187,0.0297,40.3
ote,30m,30,161,1373,128.812,0.0938,41.9
ote,1h,30,161,1433,-46.122,-0.0322,36.8
ote,BTC/USDT,30,161,329,-7.570,-0.0230,38.3
ote,ETH/USDT,30,161,247,19.197,0.0777,41.3
ote,SOL/USDT,30,161,306,49.796,0.1627,44.4
ote,XRP/USDT,30,161,294,23.339,0.0794,41.5
ote,BNB/USDT,30,161,309,-6.365,-0.0206,38.5
ote,DOGE/USDT,30,161,258,6.146,0.0238,39.1
ote,ADA/USDT,30,161,278,4.065,0.0146,38.8
ote,AVAX/USDT,30,161,267,-41.201,-0.1543,32.6
ote,LINK/USDT,30,161,308,45.682,0.1483,43.8
ote,SUI/USDT,30,161,311,22.914,0.0737,40.8
ote,TON/USDT,30,161,272,1.692,0.0062,38.6
ote,NEAR/USDT,30,161,254,-26.280,-0.1035,34.3
ote,APT/USDT,30,161,273,10.566,0.0387,39.6
ote,LTC/USDT,30,161,252,14.896,0.0591,40.9
ote,H1,30,161,1977,70.834,0.0358,39.5
ote,H2,30,161,1981,46.044,0.0232,39.6
ote,all,30,200,3958,188.160,0.0475,31.1
ote,15m,30,200,1152,51.895,0.0450,31.6
ote,30m,30,200,1373,177.717,0.1294,33.4
ote,1h,30,200,1433,-41.451,-0.0289,28.5
ote,BTC/USDT,30,200,329,19.131,0.0581,31.9
ote,ETH/USDT,30,200,247,30.554,0.1237,33.2
ote,SOL/USDT,30,200,306,74.224,0.2426,36.6
ote,XRP/USDT,30,200,294,40.186,0.1367,33.7
ote,BNB/USDT,30,200,309,-2.960,-0.0096,30.1
ote,DOGE/USDT,30,200,258,-8.035,-0.0311,28.7
ote,ADA/USDT,30,200,278,-4.427,-0.0159,29.1
ote,AVAX/USDT,30,200,267,-48.795,-0.1828,24.3
ote,LINK/USDT,30,200,308,55.294,0.1795,34.7
ote,SUI/USDT,30,200,311,57.904,0.1862,34.7
ote,TON/USDT,30,200,272,11.837,0.0435,30.9
ote,NEAR/USDT,30,200,254,-16.249,-0.0640,27.6
ote,APT/USDT,30,200,273,-11.777,-0.0431,28.2
ote,LTC/USDT,30,200,252,-8.727,-0.0346,29.0
ote,H1,30,200,1977,120.262,0.0608,31.2
ote,H2,30,200,1981,67.898,0.0343,30.9
ote,all,30,241,3958,303.144,0.0766,25.7
ote,15m,30,241,1152,21.325,0.0185,24.9
ote,30m,30,241,1373,271.219,0.1975,28.5
ote,1h,30,241,1433,10.600,0.0074,23.8
ote,BTC/USDT,30,241,329,41.915,0.1274,27.4
ote,ETH/USDT,30,241,247,55.986,0.2267,29.1
ote,SOL/USDT,30,241,306,63.930,0.2089,28.8
ote,XRP/USDT,30,241,294,58.075,0.1975,28.6
ote,BNB/USDT,30,241,309,-21.274,-0.0688,23.0
ote,DOGE/USDT,30,241,258,-24.164,-0.0937,21.7
ote,ADA/USDT,30,241,278,20.218,0.0727,25.5
ote,AVAX/USDT,30,241,267,-50.763,-0.1901,19.5
ote,LINK/USDT,30,241,308,88.738,0.2881,30.5
ote,SUI/USDT,30,241,311,92.301,0.2968,30.5
ote,TON/USDT,30,241,272,4.040,0.0149,24.3
ote,NEAR/USDT,30,241,254,12.280,0.0483,24.8
ote,APT/USDT,30,241,273,-34.139,-0.1251,20.9
ote,LTC/USDT,30,241,252,-3.999,-0.0159,23.8
ote,H1,30,241,1977,265.445,0.1343,26.9
ote,H2,30,241,1981,37.699,0.0190,24.6
ote,all,50,88.6,3958,715.016,0.1807,90.4
ote,15m,50,88.6,1152,177.491,0.1541,90.0
ote,30m,50,88.6,1373,254.580,0.1854,90.7
ote,1h,50,88.6,1433,282.945,0.1974,90.6
ote,BTC/USDT,50,88.6,329,53.342,0.1621,90.3
ote,ETH/USDT,50,88.6,247,53.718,0.2175,93.1
ote,SOL/USDT,50,88.6,306,54.497,0.1781,90.2
ote,XRP/USDT,50,88.6,294,46.569,0.1584,89.1
ote,BNB/USDT,50,88.6,309,39.906,0.1291,88.3
ote,DOGE/USDT,50,88.6,258,51.629,0.2001,91.5
ote,ADA/USDT,50,88.6,278,54.940,0.1976,91.4
ote,AVAX/USDT,50,88.6,267,43.841,0.1642,88.8
ote,LINK/USDT,50,88.6,308,55.619,0.1806,90.3
ote,SUI/USDT,50,88.6,311,64.348,0.2069,91.6
ote,TON/USDT,50,88.6,272,52.740,0.1939,91.2
ote,NEAR/USDT,50,88.6,254,49.444,0.1947,90.6
ote,APT/USDT,50,88.6,273,56.336,0.2064,91.6
ote,LTC/USDT,50,88.6,252,38.085,0.1511,88.9
ote,H1,50,88.6,1977,360.415,0.1823,89.9
ote,H2,50,88.6,1981,354.601,0.1790,91.0
ote,all,50,100,3958,774.828,0.1958,71.1
ote,15m,50,100,1152,227.784,0.1977,72.5
ote,30m,50,100,1373,251.297,0.1830,70.4
ote,1h,50,100,1433,295.747,0.2064,70.7
ote,BTC/USDT,50,100,329,53.028,0.1612,70.5
ote,ETH/USDT,50,100,247,52.654,0.2132,72.1
ote,SOL/USDT,50,100,306,73.766,0.2411,73.5
ote,XRP/USDT,50,100,294,24.599,0.0837,65.0
ote,BNB/USDT,50,100,309,58.580,0.1896,72.2
ote,DOGE/USDT,50,100,258,58.526,0.2268,72.5
ote,ADA/USDT,50,100,278,62.033,0.2231,72.3
ote,AVAX/USDT,50,100,267,47.419,0.1776,69.7
ote,LINK/USDT,50,100,308,63.031,0.2046,71.4
ote,SUI/USDT,50,100,311,61.077,0.1964,70.4
ote,TON/USDT,50,100,272,60.742,0.2233,72.4
ote,NEAR/USDT,50,100,254,66.531,0.2619,74.0
ote,APT/USDT,50,100,273,53.181,0.1948,70.3
ote,LTC/USDT,50,100,252,39.661,0.1574,69.4
ote,H1,50,100,1977,369.027,0.1867,70.1
ote,H2,50,100,1981,405.801,0.2048,72.1
ote,all,50,120,3958,418.455,0.1057,47.5
ote,15m,50,120,1152,159.440,0.1384,50.0
ote,30m,50,120,1373,122.133,0.0890,46.8
ote,1h,50,120,1433,136.881,0.0955,46.3
ote,BTC/USDT,50,120,329,57.144,0.1737,51.4
ote,ETH/USDT,50,120,247,64.981,0.2631,53.8
ote,SOL/USDT,50,120,306,56.478,0.1846,50.7
ote,XRP/USDT,50,120,294,-24.463,-0.0832,40.1
ote,BNB/USDT,50,120,309,47.375,0.1533,50.8
ote,DOGE/USDT,50,120,258,20.447,0.0793,46.1
ote,ADA/USDT,50,120,278,40.609,0.1461,48.9
ote,AVAX/USDT,50,120,267,25.705,0.0963,46.8
ote,LINK/USDT,50,120,308,49.967,0.1622,49.7
ote,SUI/USDT,50,120,311,57.851,0.1860,50.2
ote,TON/USDT,50,120,272,-0.579,-0.0021,43.0
ote,NEAR/USDT,50,120,254,-12.815,-0.0505,40.6
ote,APT/USDT,50,120,273,-13.719,-0.0503,40.7
ote,LTC/USDT,50,120,252,49.473,0.1963,51.6
ote,H1,50,120,1977,170.278,0.0861,46.3
ote,H2,50,120,1981,248.177,0.1253,48.8
ote,all,50,141,3958,159.458,0.0403,34.7
ote,15m,50,141,1152,36.879,0.0320,35.5
ote,30m,50,141,1373,109.361,0.0797,35.9
ote,1h,50,141,1433,13.217,0.0092,33.0
ote,BTC/USDT,50,141,329,11.302,0.0344,35.6
ote,ETH/USDT,50,141,247,36.447,0.1476,38.1
ote,SOL/USDT,50,141,306,50.822,0.1661,38.6
ote,XRP/USDT,50,141,294,-31.734,-0.1079,30.3
ote,BNB/USDT,50,141,309,5.623,0.0182,35.3
ote,DOGE/USDT,50,141,258,-21.532,-0.0835,30.6
ote,ADA/USDT,50,141,278,14.646,0.0527,34.9
ote,AVAX/USDT,50,141,267,-8.316,-0.0311,32.2
ote,LINK/USDT,50,141,308,46.276,0.1502,38.0
ote,SUI/USDT,50,141,311,37.154,0.1195,36.7
ote,TON/USDT,50,141,272,7.733,0.0284,34.2
ote,NEAR/USDT,50,141,254,-8.010,-0.0315,31.9
ote,APT/USDT,50,141,273,-9.595,-0.0351,31.9
ote,LTC/USDT,50,141,252,28.643,0.1137,37.3
ote,H1,50,141,1977,39.591,0.0200,33.7
ote,H2,50,141,1981,119.867,0.0605,35.8
ote,all,50,161,3958,79.342,0.0200,28.0
ote,15m,50,161,1152,-21.185,-0.0184,28.0
ote,30m,50,161,1373,116.683,0.0850,29.6
ote,1h,50,161,1433,-16.157,-0.0113,26.6
ote,BTC/USDT,50,161,329,-17.116,-0.0520,27.1
ote,ETH/USDT,50,161,247,23.702,0.0960,30.0
ote,SOL/USDT,50,161,306,27.062,0.0884,29.7
ote,XRP/USDT,50,161,294,-40.426,-0.1375,24.1
ote,BNB/USDT,50,161,309,18.941,0.0613,30.1
ote,DOGE/USDT,50,161,258,-17.305,-0.0671,25.6
ote,ADA/USDT,50,161,278,4.041,0.0145,27.7
ote,AVAX/USDT,50,161,267,-2.999,-0.0112,27.0
ote,LINK/USDT,50,161,308,53.296,0.1730,31.8
ote,SUI/USDT,50,161,311,46.162,0.1484,30.9
ote,TON/USDT,50,161,272,-25.552,-0.0939,25.0
ote,NEAR/USDT,50,161,254,-22.015,-0.0867,24.8
ote,APT/USDT,50,161,273,-7.503,-0.0275,26.4
ote,LTC/USDT,50,161,252,39.052,0.1550,31.7
ote,H1,50,161,1977,38.824,0.0196,27.7
ote,H2,50,161,1981,40.517,0.0205,28.4
ote,all,50,200,3958,114.910,0.0290,21.0
ote,15m,50,200,1152,-35.066,-0.0304,20.6
ote,30m,50,200,1373,163.425,0.1190,22.7
ote,1h,50,200,1433,-13.448,-0.0094,19.7
ote,BTC/USDT,50,200,329,24.094,0.0732,22.5
ote,ETH/USDT,50,200,247,39.902,0.1615,23.5
ote,SOL/USDT,50,200,306,50.444,0.1649,23.5
ote,XRP/USDT,50,200,294,-49.553,-0.1685,17.3
ote,BNB/USDT,50,200,309,34.072,0.1103,23.3
ote,DOGE/USDT,50,200,258,-43.806,-0.1698,17.1
ote,ADA/USDT,50,200,278,-12.541,-0.0451,19.4
ote,AVAX/USDT,50,200,267,-15.630,-0.0585,19.1
ote,LINK/USDT,50,200,308,65.209,0.2117,24.4
ote,SUI/USDT,50,200,311,71.473,0.2298,24.4
ote,TON/USDT,50,200,272,-22.935,-0.0843,18.8
ote,NEAR/USDT,50,200,254,-10.012,-0.0394,19.3
ote,APT/USDT,50,200,273,-25.460,-0.0933,18.3
ote,LTC/USDT,50,200,252,9.654,0.0383,21.4
ote,H1,50,200,1977,71.704,0.0363,20.8
ote,H2,50,200,1981,43.206,0.0218,21.2
ote,all,50,241,3958,209.046,0.0528,16.9
ote,15m,50,241,1152,-107.391,-0.0932,15.3
ote,30m,50,241,1373,246.101,0.1792,18.7
ote,1h,50,241,1433,70.336,0.0491,16.4
ote,BTC/USDT,50,241,329,42.389,0.1288,18.5
ote,ETH/USDT,50,241,247,62.303,0.2522,19.8
ote,SOL/USDT,50,241,306,25.915,0.0847,17.3
ote,XRP/USDT,50,241,294,-30.488,-0.1037,14.6
ote,BNB/USDT,50,241,309,22.399,0.0725,17.8
ote,DOGE/USDT,50,241,258,-67.992,-0.2635,12.0
ote,ADA/USDT,50,241,278,-2.584,-0.0093,15.8
ote,AVAX/USDT,50,241,267,-9.756,-0.0365,15.4
ote,LINK/USDT,50,241,308,105.430,0.3423,21.1
ote,SUI/USDT,50,241,311,86.530,0.2782,19.9
ote,TON/USDT,50,241,272,-17.065,-0.0627,15.1
ote,NEAR/USDT,50,241,254,26.752,0.1053,17.3
ote,APT/USDT,50,241,273,-61.217,-0.2242,12.5
ote,LTC/USDT,50,241,252,26.431,0.1049,17.9
ote,H1,50,241,1977,205.625,0.1040,17.4
ote,H2,50,241,1981,3.421,0.0017,16.4
ote,all,61.8,88.6,3958,841.063,0.2125,80.8
ote,15m,61.8,88.6,1152,195.787,0.1700,80.6
ote,30m,61.8,88.6,1373,304.580,0.2218,81.3
ote,1h,61.8,88.6,1433,340.696,0.2377,80.6
ote,BTC/USDT,61.8,88.6,329,68.619,0.2086,82.4
ote,ETH/USDT,61.8,88.6,247,49.106,0.1988,80.2
ote,SOL/USDT,61.8,88.6,306,65.492,0.2140,80.7
ote,XRP/USDT,61.8,88.6,294,57.321,0.1950,80.3
ote,BNB/USDT,61.8,88.6,309,32.798,0.1061,77.0
ote,DOGE/USDT,61.8,88.6,258,54.543,0.2114,80.2
ote,ADA/USDT,61.8,88.6,278,61.367,0.2207,80.9
ote,AVAX/USDT,61.8,88.6,267,57.271,0.2145,80.1
ote,LINK/USDT,61.8,88.6,308,76.902,0.2497,82.8
ote,SUI/USDT,61.8,88.6,311,81.047,0.2606,82.6
ote,TON/USDT,61.8,88.6,272,64.600,0.2375,82.0
ote,NEAR/USDT,61.8,88.6,254,61.051,0.2404,81.1
ote,APT/USDT,61.8,88.6,273,67.338,0.2467,81.7
ote,LTC/USDT,61.8,88.6,252,43.608,0.1730,79.4
ote,H1,61.8,88.6,1977,426.037,0.2155,80.0
ote,H2,61.8,88.6,1981,415.026,0.2095,81.7
ote,all,61.8,100,3958,939.102,0.2373,58.4
ote,15m,61.8,100,1152,260.133,0.2258,59.8
ote,30m,61.8,100,1373,319.874,0.2330,58.2
ote,1h,61.8,100,1433,359.094,0.2506,57.5
ote,BTC/USDT,61.8,100,329,51.780,0.1574,56.8
ote,ETH/USDT,61.8,100,247,67.235,0.2722,59.9
ote,SOL/USDT,61.8,100,306,102.849,0.3361,62.4
ote,XRP/USDT,61.8,100,294,37.892,0.1289,54.1
ote,BNB/USDT,61.8,100,309,54.716,0.1771,57.9
ote,DOGE/USDT,61.8,100,258,55.418,0.2148,57.0
ote,ADA/USDT,61.8,100,278,65.428,0.2354,57.9
ote,AVAX/USDT,61.8,100,267,64.839,0.2428,58.1
ote,LINK/USDT,61.8,100,308,82.073,0.2665,59.4
ote,SUI/USDT,61.8,100,311,72.534,0.2332,57.2
ote,TON/USDT,61.8,100,272,80.849,0.2972,60.7
ote,NEAR/USDT,61.8,100,254,80.205,0.3158,60.6
ote,APT/USDT,61.8,100,273,73.005,0.2674,58.6
ote,LTC/USDT,61.8,100,252,50.279,0.1995,57.5
ote,H1,61.8,100,1977,438.795,0.2220,57.0
ote,H2,61.8,100,1981,500.307,0.2526,59.9
ote,all,61.8,120,3958,342.194,0.0865,34.5
ote,15m,61.8,120,1152,86.713,0.0753,35.8
ote,30m,61.8,120,1373,124.547,0.0907,34.6
ote,1h,61.8,120,1433,130.935,0.0914,33.5
ote,BTC/USDT,61.8,120,329,20.654,0.0628,35.3
ote,ETH/USDT,61.8,120,247,73.713,0.2984,40.5
ote,SOL/USDT,61.8,120,306,85.535,0.2795,39.9
ote,XRP/USDT,61.8,120,294,-32.726,-0.1113,29.3
ote,BNB/USDT,61.8,120,309,29.754,0.0963,36.6
ote,DOGE/USDT,61.8,120,258,8.089,0.0314,32.6
ote,ADA/USDT,61.8,120,278,12.610,0.0454,33.1
ote,AVAX/USDT,61.8,120,267,30.516,0.1143,34.8
ote,LINK/USDT,61.8,120,308,63.134,0.2050,37.7
ote,SUI/USDT,61.8,120,311,41.221,0.1325,35.0
ote,TON/USDT,61.8,120,272,1.417,0.0052,32.0
ote,NEAR/USDT,61.8,120,254,-35.445,-0.1395,27.2
ote,APT/USDT,61.8,120,273,-15.049,-0.0551,29.7
ote,LTC/USDT,61.8,120,252,58.772,0.2332,39.3
ote,H1,61.8,120,1977,146.699,0.0742,33.5
ote,H2,61.8,120,1981,195.495,0.0987,35.5
ote,all,61.8,141,3958,18.648,0.0047,23.9
ote,15m,61.8,141,1152,-53.048,-0.0460,24.0
ote,30m,61.8,141,1373,94.172,0.0686,25.1
ote,1h,61.8,141,1433,-22.475,-0.0157,22.5
ote,BTC/USDT,61.8,141,329,-23.795,-0.0723,23.4
ote,ETH/USDT,61.8,141,247,16.030,0.0649,25.1
ote,SOL/USDT,61.8,141,306,84.810,0.2772,29.4
ote,XRP/USDT,61.8,141,294,-45.386,-0.1544,20.7
ote,BNB/USDT,61.8,141,309,-37.236,-0.1205,22.7
ote,DOGE/USDT,61.8,141,258,-30.902,-0.1198,20.9
ote,ADA/USDT,61.8,141,278,-11.430,-0.0411,22.7
ote,AVAX/USDT,61.8,141,267,-20.837,-0.0780,21.7
ote,LINK/USDT,61.8,141,308,45.395,0.1474,26.6
ote,SUI/USDT,61.8,141,311,34.472,0.1108,25.4
ote,TON/USDT,61.8,141,272,4.381,0.0161,23.9
ote,NEAR/USDT,61.8,141,254,-20.780,-0.0818,21.3
ote,APT/USDT,61.8,141,273,-14.421,-0.0528,22.0
ote,LTC/USDT,61.8,141,252,38.347,0.1522,27.4
ote,H1,61.8,141,1977,-38.472,-0.0195,22.8
ote,H2,61.8,141,1981,57.120,0.0288,24.9
ote,all,61.8,161,3958,-134.275,-0.0339,18.5
ote,15m,61.8,161,1152,-170.414,-0.1479,17.6
ote,30m,61.8,161,1373,86.833,0.0632,20.0
ote,1h,61.8,161,1433,-50.694,-0.0354,17.7
ote,BTC/USDT,61.8,161,329,-34.530,-0.1050,18.2
ote,ETH/USDT,61.8,161,247,-18.065,-0.0731,17.8
ote,SOL/USDT,61.8,161,306,53.826,0.1759,21.9
ote,XRP/USDT,61.8,161,294,-75.129,-0.2555,15.0
ote,BNB/USDT,61.8,161,309,-13.837,-0.0448,19.4
ote,DOGE/USDT,61.8,161,258,-20.292,-0.0787,17.4
ote,ADA/USDT,61.8,161,278,-26.202,-0.0943,17.3
ote,AVAX/USDT,61.8,161,267,-23.305,-0.0873,17.2
ote,LINK/USDT,61.8,161,308,41.078,0.1334,21.1
ote,SUI/USDT,61.8,161,311,44.846,0.1442,20.9
ote,TON/USDT,61.8,161,272,-32.276,-0.1187,16.9
ote,NEAR/USDT,61.8,161,254,-64.170,-0.2526,14.2
ote,APT/USDT,61.8,161,273,-14.478,-0.0530,17.6
ote,LTC/USDT,61.8,161,252,48.261,0.1915,22.6
ote,H1,61.8,161,1977,-62.917,-0.0318,18.1
ote,H2,61.8,161,1981,-71.357,-0.0360,18.9
ote,all,61.8,200,3958,-24.949,-0.0063,13.6
ote,15m,61.8,200,1152,-167.528,-0.1454,12.8
ote,30m,61.8,200,1373,185.130,0.1348,15.3
ote,1h,61.8,200,1433,-42.552,-0.0297,12.8
ote,BTC/USDT,61.8,200,329,-4.734,-0.0144,14.3
ote,ETH/USDT,61.8,200,247,34.178,0.1384,15.4
ote,SOL/USDT,61.8,200,306,84.379,0.2757,17.0
ote,XRP/USDT,61.8,200,294,-97.781,-0.3326,9.9
ote,BNB/USDT,61.8,200,309,24.937,0.0807,15.5
ote,DOGE/USDT,61.8,200,258,-48.695,-0.1887,11.2
ote,ADA/USDT,61.8,200,278,-80.585,-0.2899,10.1
ote,AVAX/USDT,61.8,200,267,-24.134,-0.0904,12.4
ote,LINK/USDT,61.8,200,308,83.978,0.2727,16.9
ote,SUI/USDT,61.8,200,311,55.002,0.1769,15.4
ote,TON/USDT,61.8,200,272,-16.587,-0.0610,12.9
ote,NEAR/USDT,61.8,200,254,-55.078,-0.2168,10.6
ote,APT/USDT,61.8,200,273,-52.221,-0.1913,11.0
ote,LTC/USDT,61.8,200,252,72.393,0.2873,17.5
ote,H1,61.8,200,1977,-4.871,-0.0025,13.4
ote,H2,61.8,200,1981,-20.078,-0.0101,13.9
ote,all,61.8,241,3958,174.475,0.0441,11.0
ote,15m,61.8,241,1152,-175.812,-0.1526,9.8
ote,30m,61.8,241,1373,257.063,0.1872,12.3
ote,1h,61.8,241,1433,93.225,0.0651,10.7
ote,BTC/USDT,61.8,241,329,23.280,0.0708,11.9
ote,ETH/USDT,61.8,241,247,73.078,0.2959,13.4
ote,SOL/USDT,61.8,241,306,50.354,0.1646,12.1
ote,XRP/USDT,61.8,241,294,-69.802,-0.2374,8.5
ote,BNB/USDT,61.8,241,309,23.038,0.0746,12.0
ote,DOGE/USDT,61.8,241,258,-85.223,-0.3303,7.4
ote,ADA/USDT,61.8,241,278,-33.732,-0.1213,9.4
ote,AVAX/USDT,61.8,241,267,-40.309,-0.1510,9.0
ote,LINK/USDT,61.8,241,308,167.860,0.5450,15.6
ote,SUI/USDT,61.8,241,311,64.893,0.2087,12.2
ote,TON/USDT,61.8,241,272,-17.185,-0.0632,9.9
ote,NEAR/USDT,61.8,241,254,-21.241,-0.0836,9.4
ote,APT/USDT,61.8,241,273,-65.047,-0.2383,8.1
ote,LTC/USDT,61.8,241,252,104.511,0.4147,14.7
ote,H1,61.8,241,1977,91.739,0.0464,10.8
ote,H2,61.8,241,1981,82.736,0.0418,11.3
ote,all,70,88.6,3958,573.221,0.1448,61.5
ote,15m,70,88.6,1152,-8.355,-0.0073,59.0
ote,30m,70,88.6,1373,229.730,0.1673,62.1
ote,1h,70,88.6,1433,351.846,0.2455,62.8
ote,BTC/USDT,70,88.6,329,41.944,0.1275,64.1
ote,ETH/USDT,70,88.6,247,14.446,0.0585,57.9
ote,SOL/USDT,70,88.6,306,43.790,0.1431,61.1
ote,XRP/USDT,70,88.6,294,37.786,0.1285,61.6
ote,BNB/USDT,70,88.6,309,-18.331,-0.0593,57.3
ote,DOGE/USDT,70,88.6,258,31.679,0.1228,59.3
ote,ADA/USDT,70,88.6,278,46.842,0.1685,61.9
ote,AVAX/USDT,70,88.6,267,46.837,0.1754,61.4
ote,LINK/USDT,70,88.6,308,88.287,0.2866,66.9
ote,SUI/USDT,70,88.6,311,88.740,0.2853,65.6
ote,TON/USDT,70,88.6,272,40.120,0.1475,61.0
ote,NEAR/USDT,70,88.6,254,57.820,0.2276,62.6
ote,APT/USDT,70,88.6,273,44.866,0.1643,60.1
ote,LTC/USDT,70,88.6,252,8.394,0.0333,57.9
ote,H1,70,88.6,1977,399.922,0.2023,62.2
ote,H2,70,88.6,1981,173.299,0.0875,60.7
ote,all,70,100,3958,840.844,0.2124,40.7
ote,15m,70,100,1152,61.946,0.0538,39.2
ote,30m,70,100,1373,323.272,0.2354,41.2
ote,1h,70,100,1433,455.626,0.3180,41.5
ote,BTC/USDT,70,100,329,12.982,0.0395,38.6
ote,ETH/USDT,70,100,247,53.757,0.2176,40.9
ote,SOL/USDT,70,100,306,120.004,0.3922,45.4
ote,XRP/USDT,70,100,294,14.630,0.0498,36.7
ote,BNB/USDT,70,100,309,11.105,0.0359,39.2
ote,DOGE/USDT,70,100,258,51.848,0.2010,39.5
ote,ADA/USDT,70,100,278,63.524,0.2285,40.6
ote,AVAX/USDT,70,100,267,66.658,0.2497,40.8
ote,LINK/USDT,70,100,308,98.366,0.3194,43.2
ote,SUI/USDT,70,100,311,91.591,0.2945,41.5
ote,TON/USDT,70,100,272,77.112,0.2835,42.3
ote,NEAR/USDT,70,100,254,93.378,0.3676,43.3
ote,APT/USDT,70,100,273,59.075,0.2164,39.2
ote,LTC/USDT,70,100,252,26.814,0.1064,38.9
ote,H1,70,100,1977,531.408,0.2688,41.1
ote,H2,70,100,1981,309.436,0.1562,40.4
ote,all,70,120,3958,222.832,0.0563,22.2
ote,15m,70,120,1152,-55.009,-0.0478,22.5
ote,30m,70,120,1373,65.288,0.0476,22.0
ote,1h,70,120,1433,212.553,0.1483,22.3
ote,BTC/USDT,70,120,329,-74.058,-0.2251,19.5
ote,ETH/USDT,70,120,247,56.657,0.2294,25.1
ote,SOL/USDT,70,120,306,67.688,0.2212,24.8
ote,XRP/USDT,70,120,294,-63.918,-0.2174,18.0
ote,BNB/USDT,70,120,309,1.909,0.0062,23.6
ote,DOGE/USDT,70,120,258,69.265,0.2685,25.2
ote,ADA/USDT,70,120,278,17.344,0.0624,21.9
ote,AVAX/USDT,70,120,267,35.537,0.1331,22.8
ote,LINK/USDT,70,120,308,109.420,0.3553,26.9
ote,SUI/USDT,70,120,311,60.270,0.1938,23.5
ote,TON/USDT,70,120,272,11.450,0.0421,21.7
ote,NEAR/USDT,70,120,254,-47.070,-0.1853,16.9
ote,APT/USDT,70,120,273,-18.738,-0.0686,19.0
ote,LTC/USDT,70,120,252,-2.924,-0.0116,21.8
ote,H1,70,120,1977,158.429,0.0801,21.8
ote,H2,70,120,1981,64.403,0.0325,22.7
ote,all,70,141,3958,-70.733,-0.0179,14.9
ote,15m,70,141,1152,-154.242,-0.1339,15.0
ote,30m,70,141,1373,-21.279,-0.0155,14.9
ote,1h,70,141,1433,104.788,0.0731,14.9
ote,BTC/USDT,70,141,329,-103.951,-0.3160,12.8
ote,ETH/USDT,70,141,247,-11.041,-0.0447,14.6
ote,SOL/USDT,70,141,306,76.422,0.2497,18.0
ote,XRP/USDT,70,141,294,-69.515,-0.2364,12.6
ote,BNB/USDT,70,141,309,-82.424,-0.2667,13.6
ote,DOGE/USDT,70,141,258,17.301,0.0671,15.5
ote,ADA/USDT,70,141,278,15.068,0.0542,15.5
ote,AVAX/USDT,70,141,267,-0.058,-0.0002,14.6
ote,LINK/USDT,70,141,308,68.435,0.2222,17.5
ote,SUI/USDT,70,141,311,62.979,0.2025,16.7
ote,TON/USDT,70,141,272,20.569,0.0756,15.8
ote,NEAR/USDT,70,141,254,-0.579,-0.0023,14.2
ote,APT/USDT,70,141,273,-43.235,-0.1584,12.5
ote,LTC/USDT,70,141,252,-20.702,-0.0822,14.7
ote,H1,70,141,1977,-4.528,-0.0023,14.5
ote,H2,70,141,1981,-66.204,-0.0334,15.3
ote,all,70,161,3958,-311.309,-0.0787,11.1
ote,15m,70,161,1152,-293.867,-0.2551,10.7
ote,30m,70,161,1373,-93.638,-0.0682,11.1
ote,1h,70,161,1433,76.197,0.0532,11.4
ote,BTC/USDT,70,161,329,-135.646,-0.4123,9.1
ote,ETH/USDT,70,161,247,-88.319,-0.3576,8.5
ote,SOL/USDT,70,161,306,53.445,0.1747,13.4
ote,XRP/USDT,70,161,294,-91.273,-0.3105,9.2
ote,BNB/USDT,70,161,309,-60.497,-0.1958,11.3
ote,DOGE/USDT,70,161,258,56.624,0.2195,13.6
ote,ADA/USDT,70,161,278,-13.843,-0.0498,11.2
ote,AVAX/USDT,70,161,267,-5.801,-0.0217,11.2
ote,LINK/USDT,70,161,308,32.272,0.1048,12.7
ote,SUI/USDT,70,161,311,97.998,0.3151,14.1
ote,TON/USDT,70,161,272,-19.007,-0.0699,11.0
ote,NEAR/USDT,70,161,254,-77.852,-0.3065,8.3
ote,APT/USDT,70,161,273,-71.141,-0.2606,8.8
ote,LTC/USDT,70,161,252,11.731,0.0466,12.7
ote,H1,70,161,1977,-35.177,-0.0178,11.2
ote,H2,70,161,1981,-276.132,-0.1394,11.1
ote,all,70,200,3958,-301.608,-0.0762,7.8
ote,15m,70,200,1152,-319.794,-0.2776,7.4
ote,30m,70,200,1373,-41.161,-0.0300,8.1
ote,1h,70,200,1433,59.346,0.0414,8.0
ote,BTC/USDT,70,200,329,-139.194,-0.4231,6.4
ote,ETH/USDT,70,200,247,-8.424,-0.0341,8.1
ote,SOL/USDT,70,200,306,101.641,0.3322,10.5
ote,XRP/USDT,70,200,294,-137.008,-0.4660,5.4
ote,BNB/USDT,70,200,309,6.011,0.0195,9.4
ote,DOGE/USDT,70,200,258,1.556,0.0060,8.1
ote,ADA/USDT,70,200,278,-10.315,-0.0371,7.9
ote,AVAX/USDT,70,200,267,38.919,0.1458,9.0
ote,LINK/USDT,70,200,308,11.052,0.0359,8.4
ote,SUI/USDT,70,200,311,99.414,0.3197,10.0
ote,TON/USDT,70,200,272,-35.203,-0.1294,7.4
ote,NEAR/USDT,70,200,254,-73.934,-0.2911,5.9
ote,APT/USDT,70,200,273,-129.969,-0.4761,4.8
ote,LTC/USDT,70,200,252,-26.155,-0.1038,7.9
ote,H1,70,200,1977,-38.351,-0.0194,7.8
ote,H2,70,200,1981,-263.257,-0.1329,7.8
ote,all,70,241,3958,-127.434,-0.0322,6.2
ote,15m,70,241,1152,-297.385,-0.2581,5.7
ote,30m,70,241,1373,-92.815,-0.0676,6.0
ote,1h,70,241,1433,262.766,0.1834,6.8
ote,BTC/USDT,70,241,329,-119.759,-0.3640,5.2
ote,ETH/USDT,70,241,247,66.617,0.2697,7.7
ote,SOL/USDT,70,241,306,14.029,0.0458,6.5
ote,XRP/USDT,70,241,294,-120.560,-0.4101,4.4
ote,BNB/USDT,70,241,309,22.766,0.0737,7.4
ote,DOGE/USDT,70,241,258,-78.569,-0.3045,4.7
ote,ADA/USDT,70,241,278,54.511,0.1961,7.2
ote,AVAX/USDT,70,241,267,-7.049,-0.0264,6.0
ote,LINK/USDT,70,241,308,114.806,0.3727,8.1
ote,SUI/USDT,70,241,311,147.174,0.4732,8.4
ote,TON/USDT,70,241,272,-80.252,-0.2950,4.8
ote,NEAR/USDT,70,241,254,-22.354,-0.0880,5.5
ote,APT/USDT,70,241,273,-148.047,-0.5423,3.3
ote,LTC/USDT,70,241,252,29.254,0.1161,7.1
ote,H1,70,241,1977,39.650,0.0201,6.2
ote,H2,70,241,1981,-167.084,-0.0843,6.2